id,label
 al-Malik al-Kāmil Khalīl  3020, al-Malik al-Kāmil Khalīl  3020
Abū l-Saʿādāt al-Bulqīnī 3370,Abū l-Saʿādāt al-Bulqīnī 3370
Al-Shihāb al-Barīdī 2704,Al-Shihāb al-Barīdī 2704
Badr al-Dīn Muḥammad al-Mālikī 3820,Badr al-Dīn Muḥammad al-Mālikī 3820
Badr al-Dīn Muḥammad al-ʿAsqalānī al-Shāfiʿī 3768,Badr al-Dīn Muḥammad al-ʿAsqalānī al-Shāfiʿī 3768
Badr al-Dīn Muḥammad b. Muzhir 3617,Badr al-Dīn Muḥammad b. Muzhir 3617
Badr al-Dīn Muḥammad b. al-Qaṭṭān 3113,Badr al-Dīn Muḥammad b. al-Qaṭṭān 3113
Badr al-Dīn Muḥammad b. al-Saḥmāwī  3755,Badr al-Dīn Muḥammad b. al-Saḥmāwī  3755
Badr al-Dīn al-Bulqīnī 3689,Badr al-Dīn al-Bulqīnī 3689
Badr al-Dīn al-Burjī 4500,Badr al-Dīn al-Burjī 4500
Badr al-Dīn al-Subkī 4378,Badr al-Dīn al-Subkī 4378
Badr al-Dīn al-ʿAynī 462,Badr al-Dīn al-ʿAynī 462
Badr al-Dīn b. Faḍl Allāh 2486,Badr al-Dīn b. Faḍl Allāh 2486
Badr al-Dīn b. Muzhir 1079,Badr al-Dīn b. Muzhir 1079
Badr al-Dīn b. al-Rashīd 721,Badr al-Dīn b. al-Rashīd 721
Badr al-Dīn Ḥasan b. Naṣr Allāh al-Fawwī 88,Badr al-Dīn Ḥasan b. Naṣr Allāh al-Fawwī 88
Badr al-Dīn Ḥusayn 913,Badr al-Dīn Ḥusayn 913
Badīʿ b. Nafīs 4420,Badīʿ b. Nafīs 4420
Bahādur al-Jamālī al-Mushrif 1682,Bahādur al-Jamālī al-Mushrif 1682
Bahāʾ al-Dīn al-Burjī 3258,Bahāʾ al-Dīn al-Burjī 3258
Bahāʾ al-Dīn al-Ṭablāwī 4352,Bahāʾ al-Dīn al-Ṭablāwī 4352
Bahāʾ al-Dīn b. ʿAqīl al-Shāfiʿī 3800,Bahāʾ al-Dīn b. ʿAqīl al-Shāfiʿī 3800
Bakkār b. Raḥḥāb 3514,Bakkār b. Raḥḥāb 3514
Baklamish b. Farā 1587,Baklamish b. Farā 1587
Baktamur Jullaq 220,Baktamur Jullaq 220
Baktamur al-Mu‘minī 2255,Baktamur al-Mu‘minī 2255
Baktamur al-Sāqī 4183,Baktamur al-Sāqī 4183
Baktamur al-Ḥusaynī 2186,Baktamur al-Ḥusaynī 2186
Baktamur al-Ḥājib 4211,Baktamur al-Ḥājib 4211
Balqīs bt. Tāj al-Dīn al-Bulqīnī 4525,Balqīs bt. Tāj al-Dīn al-Bulqīnī 4525
Banū ʾIsmāʿīl al-Hawwārī 1459,Banū ʾIsmāʿīl al-Hawwārī 1459
Banū ʿAjlān 2273,Banū ʿAjlān 2273
Barakāt b. ʿAjlān 293,Barakāt b. ʿAjlān 293
Barsbughā 286,Barsbughā 286
Barsbāy al-Bajāsī 894,Barsbāy al-Bajāsī 894
Baybars al-ʾAshrafī 324,Baybars al-ʾAshrafī 324
Baybars al-Ẓāhirī 1830,Baybars al-Ẓāhirī 1830
Baybars b. Baqr 90,Baybars b. Baqr 90
Baybughā al-Muẓaffarī 74,Baybughā al-Muẓaffarī 74
Bayghūt  al-Muʾayyadī al-ʾAʿraj 665,Bayghūt  al-Muʾayyadī al-ʾAʿraj 665
Bayghūt al-Ẓāhirī 1886,Bayghūt al-Ẓāhirī 1886
Bayram Khujā 3543,Bayram Khujā 3543
Bayram bint Taghrī Birdī 2746,Bayram bint Taghrī Birdī 2746
Baysaq al-Shaykhī al-Ẓāhirī 1885,Baysaq al-Shaykhī al-Ẓāhirī 1885
Bint Birdibak 2245,Bint Birdibak 2245
Bint Dawlāt Bāy al-Muʾayyadī 4160,Bint Dawlāt Bāy al-Muʾayyadī 4160
Bint Jānibak al-Ṣūfī 563,Bint Jānibak al-Ṣūfī 563
Bint Kurtbāy 2242,Bint Kurtbāy 2242
Bint Qānī Bāy 3719,Bint Qānī Bāy 3719
Bint Sirāj al-Dīn al-Bulqīnī 4501,Bint Sirāj al-Dīn al-Bulqīnī 4501
Bint Sulaymān b. Dulghādir 2779,Bint Sulaymān b. Dulghādir 2779
Bint Sūdūn min ʿAbd al-Raḥman 3928,Bint Sūdūn min ʿAbd al-Raḥman 3928
Bint Taghrī Birdī al-Bashbughāwī  3029,Bint Taghrī Birdī al-Bashbughāwī  3029
Bint Zayn al-Dīn ʿUmar al-Basṭāmī 4456,Bint Zayn al-Dīn ʿUmar al-Basṭāmī 4456
Bint al-Malik al-Manṣūr Muḥammad 4497,Bint al-Malik al-Manṣūr Muḥammad 4497
Bint al-Malik al-Manṣūr Ḥājjī 2408,Bint al-Malik al-Manṣūr Ḥājjī 2408
Bint al-Mustakfī bi-llāh 1483,Bint al-Mustakfī bi-llāh 1483
Bint al-Muʾayyad 2930,Bint al-Muʾayyad 2930
Bint al-Nāṣir Faraj 2375,Bint al-Nāṣir Faraj 2375
Bint al-Nāṣir Faraj 3884,Bint al-Nāṣir Faraj 3884
Bint al-Nāṣirī Muḥammad b. al-Thallāj 1147,Bint al-Nāṣirī Muḥammad b. al-Thallāj 1147
Bint al-ʾAmīr Damurdāsh 4154,Bint al-ʾAmīr Damurdāsh 4154
Bint al-Ẓāhir Jaqmaq 1482,Bint al-Ẓāhir Jaqmaq 1482
Bint al-Ẓāhir Khushqadam 3358,Bint al-Ẓāhir Khushqadam 3358
Bint ʾAydamur al-dawādār 2888,Bint ʾAydamur al-dawādār 2888
Bint ʾAḥmad ibn al-sulṭān Ḥasan 2887,Bint ʾAḥmad ibn al-sulṭān Ḥasan 2887
Bint ʿAbd al-Razzāq b. al-Hayṣam 3307,Bint ʿAbd al-Razzāq b. al-Hayṣam 3307
Bint ʿAdnān 4191,Bint ʿAdnān 4191
Birdibak al-ʾAshrafī 901,Birdibak al-ʾAshrafī 901
Birdibak al-Ẓāhirī al-Bajmaqdār 1091,Birdibak al-Ẓāhirī al-Bajmaqdār 1091
Burhān al-Dīn 1237,Burhān al-Dīn 1237
Burhān al-Dīn ʾAḥmad 2349,Burhān al-Dīn ʾAḥmad 2349
Burhān al-Dīn ʾIbrāhīm Ibn al-Dīrī 2907,Burhān al-Dīn ʾIbrāhīm Ibn al-Dīrī 2907
Burhān al-Dīn ʾIbrāhīm al-Maḥallī  3697,Burhān al-Dīn ʾIbrāhīm al-Maḥallī  3697
Burhān al-Dīn ʾIbrāhīm al-Ḥanbalī 4608,Burhān al-Dīn ʾIbrāhīm al-Ḥanbalī 4608
Burhān al-Dīn ʾIbrāhīm b. Ẓuhayra 1122,Burhān al-Dīn ʾIbrāhīm b. Ẓuhayra 1122
Buḍaʿ b. Dulghādir 3362,Buḍaʿ b. Dulghādir 3362
Bābūr b. Bāy Sunqūr b. Shāh Rukh 3275,Bābūr b. Bāy Sunqūr b. Shāh Rukh 3275
Bāy Sunqur b. Shāh Rukh 1261,Bāy Sunqur b. Shāh Rukh 1261
Bīr Budaq 1187,Bīr Budaq 1187
Būrī ṣihr Minṭāsh 2996,Būrī ṣihr Minṭāsh 2996
Damurdāsh al-Muḥammadī 67,Damurdāsh al-Muḥammadī 67
Dawlāt Bāy al-Muʾayyadī 273,Dawlāt Bāy al-Muʾayyadī 273
Duqmāq 4677,Duqmāq 4677
Duqmāq al-Muḥammadī 2218,Duqmāq al-Muḥammadī 2218
Dāwud b. Dulghādir 1468,Dāwud b. Dulghādir 1468
Dāwud b. Qaramān 769,Dāwud b. Qaramān 769
Dāwud b. Sayf ʾArʿad 2690,Dāwud b. Sayf ʾArʿad 2690
Dāwud b. al-Kuwayz 203,Dāwud b. al-Kuwayz 203
Dūghān b. Ḥadītha 668,Dūghān b. Ḥadītha 668
Fakhr al-Dīn b. Ghurāb 4443,Fakhr al-Dīn b. Ghurāb 4443
Fakhr al-Dīn b. Qārā 1688,Fakhr al-Dīn b. Qārā 1688
Fakhr al-Dīn b. al-Muzawwiq 1438,Fakhr al-Dīn b. al-Muzawwiq 1438
Fakhr al-Dīn b. ʾAbi l-Faraj 214,Fakhr al-Dīn b. ʾAbi l-Faraj 214
Fakhr al-Dīn ʾAḥmad b. ʿAbd Allāh 3681,Fakhr al-Dīn ʾAḥmad b. ʿAbd Allāh 3681
Faraj b. Sakiz Bāy 2635,Faraj b. Sakiz Bāy 2635
Faraj b. Taghrī Birmish al-Zardkāsh 4194,Faraj b. Taghrī Birmish al-Zardkāsh 4194
Faraj b. al-Nāṣir Faraj 670,Faraj b. al-Nāṣir Faraj 670
Faraj b. ʾUzdamur 4630,Faraj b. ʾUzdamur 4630
Faraj b. Ṣawjī * 358,Faraj b. Ṣawjī * 358
Fasilīs* 394,Fasilīs* 394
Fatḥ Allāh al-Tabrīzī 16,Fatḥ Allāh al-Tabrīzī 16
Fatḥ al-Dīn al-Muḥarraqī 476,Fatḥ al-Dīn al-Muḥarraqī 476
Fatḥ al-Dīn b. al-Shahīd 3155,Fatḥ al-Dīn b. al-Shahīd 3155
Fayyāḍ b. Muḥammad b. Dulghādir 3343,Fayyāḍ b. Muḥammad b. Dulghādir 3343
Faḍl ʾAllāh b. Makānis 2496,Faḍl ʾAllāh b. Makānis 2496
Fāris al-Turkumānī 1960,Fāris al-Turkumānī 1960
Fāṭima 1502,Fāṭima 1502
Fāṭima 2402,Fāṭima 2402
Fāṭima 3936,Fāṭima 3936
Fāṭima bint Zayn al-Dīn ʿAbd al-Bāsiṭ b. Khalīl 3085,Fāṭima bint Zayn al-Dīn ʿAbd al-Bāsiṭ b. Khalīl 3085
Fāṭima bt. Qujqār 1238,Fāṭima bt. Qujqār 1238
Fāṭima bt. Thaqaba 4471,Fāṭima bt. Thaqaba 4471
Fāṭima bt. al-Bārizī 3673,Fāṭima bt. al-Bārizī 3673
Fāṭima bt. al-Ẓāhir Ṭaṭar 3387,Fāṭima bt. al-Ẓāhir Ṭaṭar 3387
Fāṭima bt. ʿAbd al-Raḥīm  4060,Fāṭima bt. ʿAbd al-Raḥīm  4060
Ghanām 2429,Ghanām 2429
Ghayth b. Naṣīr al-Dīn 2842,Ghayth b. Naṣīr al-Dīn 2842
Ghayāth al-Dīn ʾIbrāhīm 4594,Ghayāth al-Dīn ʾIbrāhīm 4594
Hilmān b. Wubayr 1128,Hilmān b. Wubayr 1128
Humām al-Dīn ʿAbd al-Wāḥid 3941,Humām al-Dīn ʿAbd al-Wāḥid 3941
Hābīl b. Qarā Yuluk 2455,Hābīl b. Qarā Yuluk 2455
Hājar bint Manklī Bughā al-Shamsī 1558,Hājar bint Manklī Bughā al-Shamsī 1558
Hājir bint Taghrī Birdī 2747,Hājir bint Taghrī Birdī 2747
Ibn Birdibak 2896,Ibn Birdibak 2896
Ibn Fāris al-Turkumānī 4414,Ibn Fāris al-Turkumānī 4414
Ibn Jānibak al-Jakamī 3157,Ibn Jānibak al-Jakamī 3157
Ibn Muqbil al-Rūmī al-Ẓāhirī 4604,Ibn Muqbil al-Rūmī al-Ẓāhirī 4604
Ibn Muḥammad b. al-Qaṭṭān 3114,Ibn Muḥammad b. al-Qaṭṭān 3114
Ibn Muḥibb al-Dīn al-Ṭabarī 1565,Ibn Muḥibb al-Dīn al-Ṭabarī 1565
Ibn Muḥibb al-Dīn b. al-Shiḥna  2578,Ibn Muḥibb al-Dīn b. al-Shiḥna  2578
Ibn Muḥibb al-Dīn ʾAḥmad al-Baghdādī 3973,Ibn Muḥibb al-Dīn ʾAḥmad al-Baghdādī 3973
Ibn Qarā Yulūk 3409,Ibn Qarā Yulūk 3409
Ibn Qarājā al-Ḥasanī 1500,Ibn Qarājā al-Ḥasanī 1500
Ibn Qurqmās 3463,Ibn Qurqmās 3463
Ibn Qurqmās al-Shaʿbānī 3826,Ibn Qurqmās al-Shaʿbānī 3826
Ibn Shams al-Dīn al-Fanarī 4504,Ibn Shams al-Dīn al-Fanarī 4504
Ibn Sālim al-Dūkārī 4041,Ibn Sālim al-Dūkārī 4041
Ibn Sūdūn Miyiq 4298,Ibn Sūdūn Miyiq 4298
Ibn Tanam al-Muʾayyadī 3209,Ibn Tanam al-Muʾayyadī 3209
Ibn Tāj al-Dīn al-Khaṭīr 190,Ibn Tāj al-Dīn al-Khaṭīr 190
Ibn Yashbak al-Ẓāhirī 4008,Ibn Yashbak al-Ẓāhirī 4008
Ibn al-Miṣrī 4106,Ibn al-Miṣrī 4106
Ibn al-Ẓāhir Khushqadam 2932,Ibn al-Ẓāhir Khushqadam 2932
Ibn bint al-sultan al-ʾAshraf ʾĪnāl 1350,Ibn bint al-sultan al-ʾAshraf ʾĪnāl 1350
Ibn ʾAbrak al-Jakamī 3960,Ibn ʾAbrak al-Jakamī 3960
Ibn ʾAslamās 3415,Ibn ʾAslamās 3415
Ibn ʾIyās al-Muḥammadī al-Nāṣirī 1545,Ibn ʾIyās al-Muḥammadī al-Nāṣirī 1545
Ibn ʾIṣbahān b. Qarā Yūsuf 3051,Ibn ʾIṣbahān b. Qarā Yūsuf 3051
Ibn ʿAbd al-Bāsiṭ (2) 532,Ibn ʿAbd al-Bāsiṭ (2) 532
Ibn ʿAbd al-Bāsiṭ (3) 534,Ibn ʿAbd al-Bāsiṭ (3) 534
Ibn ʿAlam al-Dīn b. Jalūd 3612,Ibn ʿAlam al-Dīn b. Jalūd 3612
Ibn ʿAmih Ḥamza* 744,Ibn ʿAmih Ḥamza* 744
Ibn Ḥasan Bak b. ʿAlī Bak b. Qarā Yuluk 2890,Ibn Ḥasan Bak b. ʿAlī Bak b. Qarā Yuluk 2890
Ibn Ṭūghān b. Qulaqsīz al-Turkumānī 4013,Ibn Ṭūghān b. Qulaqsīz al-Turkumānī 4013
Ibna Muwaffaq al-Dīn ʿAbd Allāh al-Ḥanbalī 4241,Ibna Muwaffaq al-Dīn ʿAbd Allāh al-Ḥanbalī 4241
Ibnat Juwān al-ʾAfranjī (Charlotte) 1303,Ibnat Juwān al-ʾAfranjī (Charlotte) 1303
Ibnat Jānibak al-ʾAshrafī al-Dawādār al-Thānī 4117,Ibnat Jānibak al-ʾAshrafī al-Dawādār al-Thānī 4117
Ibnat Khalīl al-Darbandīya 3404,Ibnat Khalīl al-Darbandīya 3404
Ibnat Khalīl b. al-Nāṣir Faraj 4034,Ibnat Khalīl b. al-Nāṣir Faraj 4034
Ibnat Muḥammad 2297,Ibnat Muḥammad 2297
Ibnat Timurbāy al-Ḥasanī  4109,Ibnat Timurbāy al-Ḥasanī  4109
Ibnat Yalbughā 2557,Ibnat Yalbughā 2557
Ibnat b. Qalamṭāy 4436,Ibnat b. Qalamṭāy 4436
Ibnat ʾAḥmad b. ʾĪnāl 2292,Ibnat ʾAḥmad b. ʾĪnāl 2292
Ibnat ʾIskandar b. Qarā Yūsuf 3406,Ibnat ʾIskandar b. Qarā Yūsuf 3406
Ibnat ʾukht Sharaf al-Dīn Yaḥyā 4622,Ibnat ʾukht Sharaf al-Dīn Yaḥyā 4622
Ibnat ʿUthman Qarā Yulūk 3411,Ibnat ʿUthman Qarā Yulūk 3411
Jahān Kīr 166,Jahān Kīr 166
Jahān Shāh 165,Jahān Shāh 165
Jahān Shāh b. Qarā Yūsuf 140,Jahān Shāh b. Qarā Yūsuf 140
Jakam Khāl al-ʿAzīz 47,Jakam Khāl al-ʿAzīz 47
Jakam min ʿIwaḍ al-Ẓāhirī 1277,Jakam min ʿIwaḍ al-Ẓāhirī 1277
Jalāl al-Dīn Jār Allāh  4572,Jalāl al-Dīn Jār Allāh  4572
Jalāl al-Dīn ʿAbd al-Raḥmān 3836,Jalāl al-Dīn ʿAbd al-Raḥmān 3836
Jalāl al-Dīn ʿAbd al-Raḥmān 3938,Jalāl al-Dīn ʿAbd al-Raḥmān 3938
Jalāl al-Dīn ʿAbd al-Raḥmān al-Bulqīnī 17,Jalāl al-Dīn ʿAbd al-Raḥmān al-Bulqīnī 17
Jamāl al-Dīn  3647,Jamāl al-Dīn  3647
Jamāl al-Dīn Maḥmūd al-Qayṣarī 2485,Jamāl al-Dīn Maḥmūd al-Qayṣarī 2485
Jamāl al-Dīn Muḥammad 4724,Jamāl al-Dīn Muḥammad 4724
Jamāl al-Dīn Yūsuf al-Karakī 204,Jamāl al-Dīn Yūsuf al-Karakī 204
Jamāl al-Dīn Yūsuf al-ʾUstādār 239,Jamāl al-Dīn Yūsuf al-ʾUstādār 239
Jamāl al-Dīn al-Mardāwī 4215,Jamāl al-Dīn al-Mardāwī 4215
Jamāl al-Dīn al-ʾUstādār 1763,Jamāl al-Dīn al-ʾUstādār 1763
Jamāl al-Dīn b. Kātib Jakam 571,Jamāl al-Dīn b. Kātib Jakam 571
Jamāl al-Dīn b. Walaṣmaʿ  3902,Jamāl al-Dīn b. Walaṣmaʿ  3902
Jamāl al-Dīn b. al-Turkumānī 4270,Jamāl al-Dīn b. al-Turkumānī 4270
Jamāl al-Dīn b. al-ʿAdīm 4681,Jamāl al-Dīn b. al-ʿAdīm 4681
Jamāl al-Dīn b. Ẓuhayra 2363,Jamāl al-Dīn b. Ẓuhayra 2363
Jamāl al-Dīn ʾAbū l-Maḥāsin Yūsuf 4217,Jamāl al-Dīn ʾAbū l-Maḥāsin Yūsuf 4217
Jamāl al-Dīn ʿAbd Allāh b. Nūr al-Dīn ʾAbī l-Ḥasan ʿAlī b. ʾAyyūb 3726,Jamāl al-Dīn ʿAbd Allāh b. Nūr al-Dīn ʾAbī l-Ḥasan ʿAlī b. ʾAyyūb 3726
Jamīl b. Yūsuf 1634,Jamīl b. Yūsuf 1634
Janna bt. Tāj al-Dīn al-Bulqīnī 4524,Janna bt. Tāj al-Dīn al-Bulqīnī 4524
Jaqmaq al-ʾArghūn Shāwī 34,Jaqmaq al-ʾArghūn Shāwī 34
Jarbāsh Kabbāsha 298,Jarbāsh Kabbāsha 298
Jarbāsh Kurd al-Muḥammadī 272,Jarbāsh Kurd al-Muḥammadī 272
Jarbāsh Qāshiq al-Karīmī 51,Jarbāsh Qāshiq al-Karīmī 51
Jarbāsh al-Shaykhī 1900,Jarbāsh al-Shaykhī 1900
Jarbāsh al-Ẓāhirī 1903,Jarbāsh al-Ẓāhirī 1903
Jardamur ʾAkhū Ṭāz 1905,Jardamur ʾAkhū Ṭāz 1905
Jawhar al-Qunuqbāʾī al-Khāzindār 606,Jawhar al-Qunuqbāʾī al-Khāzindār 606
Jawhar al-Zimām al-Lālā 18,Jawhar al-Zimām al-Lālā 18
Jaynūs b. Jāk (Janus) 1469,Jaynūs b. Jāk (Janus) 1469
Jaʿfar b. Yaʿqūb b. Qarā Yuluk 3723,Jaʿfar b. Yaʿqūb b. Qarā Yuluk 3723
Jidda ʿAbd al-Karīm b. Kātib al-Manākh 4258,Jidda ʿAbd al-Karīm b. Kātib al-Manākh 4258
Jirjī al-Nawrūzī 4655,Jirjī al-Nawrūzī 4655
Julbān al-Hindī 260,Julbān al-Hindī 260
Julbān al-Ḥājib 1691,Julbān al-Ḥājib 1691
Julbān al-Ḥājib 3788,Julbān al-Ḥājib 3788
Jumuq b. ʾAytamish 2172,Jumuq b. ʾAytamish 2172
Juwān b. Jaynūs b. Jāk (John II) 1302,Juwān b. Jaynūs b. Jāk (John II) 1302
Jāk ʾAbū Jaynūs 4139,Jāk ʾAbū Jaynūs 4139
Jākumu (James II) 1304,Jākumu (James II) 1304
Jān Sūz* al-Jārkasīya 2407,Jān Sūz* al-Jārkasīya 2407
Jānibak Qarā l-ʾAshrafī 1148,Jānibak Qarā l-ʾAshrafī 1148
Jānibak al-Jakamī 1136,Jānibak al-Jakamī 1136
Jānibak al-Khāzindār al-Dawādār 1006,Jānibak al-Khāzindār al-Dawādār 1006
Jānibak al-Maḥmūdī 181,Jānibak al-Maḥmūdī 181
Jānibak al-ʾAshrafī al-Dawādār al-Thānī 3865,Jānibak al-ʾAshrafī al-Dawādār al-Thānī 3865
Jānibak al-Ṣūfī 83,Jānibak al-Ṣūfī 83
Jānibāk al-Ḥamzāwī 291,Jānibāk al-Ḥamzāwī 291
Jānim al-ʾAshrafī  26,Jānim al-ʾAshrafī  26
Jārkas al-Qāsimī al-Muṣāriʿ 593,Jārkas al-Qāsimī al-Muṣāriʿ 593
Kamāl al-Dīn Muḥammad 3371,Kamāl al-Dīn Muḥammad 3371
Kamāl al-Dīn al-Damīrī 4575,Kamāl al-Dīn al-Damīrī 4575
Kamāl al-Dīn b. al-Bārizī 99,Kamāl al-Dīn b. al-Bārizī 99
Kamāl al-Dīn b. al-Humām 2670,Kamāl al-Dīn b. al-Humām 2670
Kamāl al-Dīn b. Ẓuhayra 4566,Kamāl al-Dīn b. Ẓuhayra 4566
Kasbāy al-Khushqadamī 2298,Kasbāy al-Khushqadamī 2298
Kasbāy al-Ẓāhirī 3608,Kasbāy al-Ẓāhirī 3608
Khadīja Khātūn 675,Khadīja Khātūn 675
Khadīja bint ʾĀqṭuwah  3959,Khadīja bint ʾĀqṭuwah  3959
Khadīja bt al-Ẓāhir Jaqmaq 2320,Khadīja bt al-Ẓāhir Jaqmaq 2320
Khadīja bt. Kātib Jakam 4064,Khadīja bt. Kātib Jakam 4064
Khalīl al-Hadhbānī 3507,Khalīl al-Hadhbānī 3507
Khalīl b. Khalīl b. al-Nāṣir Faraj 4032,Khalīl b. Khalīl b. al-Nāṣir Faraj 4032
Khalīl b. Qarājā b. Dulghādir al-Turkumānī 1692,Khalīl b. Qarājā b. Dulghādir al-Turkumānī 1692
Khalīl b. Shāhīn al-Shaykhī 664,Khalīl b. Shāhīn al-Shaykhī 664
Khalīl b. Tīmūr  4305,Khalīl b. Tīmūr  4305
Khalīl b. al-Kuwayz 1534,Khalīl b. al-Kuwayz 1534
Khalīl b. al-Nāṣir Faraj 672,Khalīl b. al-Nāṣir Faraj 672
Khalīl b. ʾIbrāhīm 3402,Khalīl b. ʾIbrāhīm 3402
Khalīl b. Ṭūr ʿAlī b. Saqal Sīz 347,Khalīl b. Ṭūr ʿAlī b. Saqal Sīz 347
Khawand 1116,Khawand 1116
Khawand Baraka Khātūn 993,Khawand Baraka Khātūn 993
Khawand Bayram 4049,Khawand Bayram 4049
Khawand Fāṭima 3862,Khawand Fāṭima 3862
Khawand Khadīja 631,Khawand Khadīja 631
Khawand Qunuqbāy  3892,Khawand Qunuqbāy  3892
Khawand Samrāʾ 3995,Khawand Samrāʾ 3995
Khawand Zaynab 3597,Khawand Zaynab 3597
Khawand bint ʾĀqbughā al-Dawādār 4053,Khawand bint ʾĀqbughā al-Dawādār 4053
Khawand bint Ṣuruq 4312,Khawand bint Ṣuruq 4312
Khayrbak al-Bahlawān al-ʾAshrafī 2240,Khayrbak al-Bahlawān al-ʾAshrafī 2240
Khushkaldī al-Zaynī ʿAbd al-Raḥmān b. al-Kuwayz 1029,Khushkaldī al-Zaynī ʿAbd al-Raḥmān b. al-Kuwayz 1029
Khātūn 2918,Khātūn 2918
Khātūn 745,Khātūn 745
Khūnī* 4134,Khūnī* 4134
Kizil al-ʾArghūn Shāwī 673,Kizil al-ʾArghūn Shāwī 673
Kubaysh 4459,Kubaysh 4459
Kuhar Shāh 3993,Kuhar Shāh 3993
Kumushbughā al-Faysī 311,Kumushbughā al-Faysī 311
Kumushbughā al-Ḥamawī 1776,Kumushbughā al-Ḥamawī 1776
Kurdī Bāk b. Kandar 152,Kurdī Bāk b. Kandar 152
Kurtbāy 2241,Kurtbāy 2241
Lisān al-Dīn 2909,Lisān al-Dīn 2909
Lā ʾaflaḥa man ẓalama 3682,Lā ʾaflaḥa man ẓalama 3682
Madalij* 1610,Madalij* 1610
Majd al-Dīn ʾIsḥāq 4685,Majd al-Dīn ʾIsḥāq 4685
Maliktamur al-Muḥammadī 2388,Maliktamur al-Muḥammadī 2388
Mamjiq al-Nawrūzī 598,Mamjiq al-Nawrūzī 598
Manjak 4454,Manjak 4454
Manjak al-Yūsufī al-Nāṣirī 2263,Manjak al-Yūsufī al-Nāṣirī 2263
Manṣūr b. Muḥammad b. Walaṣmaʿ 2693,Manṣūr b. Muḥammad b. Walaṣmaʿ 2693
Masrūq 4028,Masrūq 4028
Mawlāya ʿUthmān 3572,Mawlāya ʿUthmān 3572
Maʾmūr al-Qalamṭāwī 1725,Maʾmūr al-Qalamṭāwī 1725
Maʿz b. Hijjār b. Wubayr b. Nakhbār 3254,Maʿz b. Hijjār b. Wubayr b. Nakhbār 3254
Maḥmūd al-Hamdhānī 4579,Maḥmūd al-Hamdhānī 4579
Maḥmūd b. Aḥmad b. ʾIskandar 4691,Maḥmūd b. Aḥmad b. ʾIskandar 4691
Maḥmūd b. Qalamṭāy 3560,Maḥmūd b. Qalamṭāy 3560
Maḥmūd b. Qarā Yuluk 2958,Maḥmūd b. Qarā Yuluk 2958
Maḥmūd b. al-Dukarī  361,Maḥmūd b. al-Dukarī  361
Maḥmūd b. al-Shihāb 3882,Maḥmūd b. al-Shihāb 3882
Maḥmūd b. ʾAkhū ʿAlāʾ al-Dīn al-Mughallī 4388,Maḥmūd b. ʾAkhū ʿAlāʾ al-Dīn al-Mughallī 4388
Maḥmūd b. ʿAbīd Allāh 1315,Maḥmūd b. ʿAbīd Allāh 1315
Mirzā b. Yaʿqūb b. Qarā Yuluk 3665,Mirzā b. Yaʿqūb b. Qarā Yuluk 3665
Muflaḥ 4390,Muflaḥ 4390
Mughul bint al-Bārizī 319,Mughul bint al-Bārizī 319
Mughulbāy al-Sāqī 3502,Mughulbāy al-Sāqī 3502
Mughāmis b. Rumaytha 4407,Mughāmis b. Rumaytha 4407
Munjid Rumaytha b. ʾAbī Numay 4072,Munjid Rumaytha b. ʾAbī Numay 4072
Muqbil al-Rūmī al-Ẓāhirī 1992,Muqbil al-Rūmī al-Ẓāhirī 1992
Muqbil al-Ḥasanī 647,Muqbil al-Ḥasanī 647
Murād Bak b. Qarā Yuluk 3001,Murād Bak b. Qarā Yuluk 3001
Murād Bak b. ʿUthmān 144,Murād Bak b. ʿUthmān 144
Murād Bak b. ʿUthmān 3790,Murād Bak b. ʿUthmān 3790
Murād b. ʾŪrakhān 4672,Murād b. ʾŪrakhān 4672
Mustaʿṣim b. Nafīs 4419,Mustaʿṣim b. Nafīs 4419
Muwaffaq al-Dīn ʾAḥmad al-Ḥanbalī 4609,Muwaffaq al-Dīn ʾAḥmad al-Ḥanbalī 4609
Muwaffaq al-Dīn ʿAbd Allāh al-Ḥanbalī 4611,Muwaffaq al-Dīn ʿAbd Allāh al-Ḥanbalī 4611
Muʿayqil b. Faḍl  1991,Muʿayqil b. Faḍl  1991
Muḥammad 1498,Muḥammad 1498
Muḥammad 1503,Muḥammad 1503
Muḥammad 1522,Muḥammad 1522
Muḥammad 2251,Muḥammad 2251
Muḥammad 2431,Muḥammad 2431
Muḥammad 3238,Muḥammad 3238
Muḥammad Bak b. Dulghādir 556,Muḥammad Bak b. Dulghādir 556
Muḥammad Bak b. Murād Bak b. ʿUthmān 911,Muḥammad Bak b. Murād Bak b. ʿUthmān 911
Muḥammad Balabān 352,Muḥammad Balabān 352
Muḥammad Bayk b. Qarā Yulūk 3385,Muḥammad Bayk b. Qarā Yulūk 3385
Muḥammad Bāk b. Qaramān 338,Muḥammad Bāk b. Qaramān 338
Muḥammad Kirishjī  337,Muḥammad Kirishjī  337
Muḥammad Wafāʾ 1605,Muḥammad Wafāʾ 1605
Muḥammad al-Ghumārī 4583,Muḥammad al-Ghumārī 4583
Muḥammad al-Hawwārī 1212,Muḥammad al-Hawwārī 1212
Muḥammad al-Kharbānī 353,Muḥammad al-Kharbānī 353
Muḥammad al-Maqrīzī 2493,Muḥammad al-Maqrīzī 2493
Muḥammad al-Rukn al-Sarāʾī 4167,Muḥammad al-Rukn al-Sarāʾī 4167
Muḥammad al-Salākhūrī 921,Muḥammad al-Salākhūrī 921
Muḥammad al-Shādhilī 4381,Muḥammad al-Shādhilī 4381
Muḥammad al-Tafhanī 1663,Muḥammad al-Tafhanī 1663
Muḥammad al-ʾAhnāsī 1349,Muḥammad al-ʾAhnāsī 1349
Muḥammad al-ʾAqṣarāʾī 4455,Muḥammad al-ʾAqṣarāʾī 4455
Muḥammad al-Ṣaghīr 120,Muḥammad al-Ṣaghīr 120
Muḥammad al-Ṭarābulusī al-Ḥanafī 3917,Muḥammad al-Ṭarābulusī al-Ḥanafī 3917
Muḥammad b. Aḥmad b. ʾIskandar 4689,Muḥammad b. Aḥmad b. ʾIskandar 4689
Muḥammad b. Barakāt 1040,Muḥammad b. Barakāt 1040
Muḥammad b. Barqūq 1748,Muḥammad b. Barqūq 1748
Muḥammad b. Barsbāy 1084,Muḥammad b. Barsbāy 1084
Muḥammad b. Bāy Sunqur 4051,Muḥammad b. Bāy Sunqur 4051
Muḥammad b. Duqmāq 3798,Muḥammad b. Duqmāq 3798
Muḥammad b. Fandū* 3464,Muḥammad b. Fandū* 3464
Muḥammad b. Jarbāsh al-Shaykhī 3635,Muḥammad b. Jarbāsh al-Shaykhī 3635
Muḥammad b. Kal Bak 1755,Muḥammad b. Kal Bak 1755
Muḥammad b. Lāqī 2490,Muḥammad b. Lāqī 2490
Muḥammad b. Manjak 161,Muḥammad b. Manjak 161
Muḥammad b. Maḥmūd 4570,Muḥammad b. Maḥmūd 4570
Muḥammad b. Muḥammad b. Walasmaʿ 3903,Muḥammad b. Muḥammad b. Walasmaʿ 3903
Muḥammad b. Muḥammad b. Walaṣmaʿ 2694,Muḥammad b. Muḥammad b. Walaṣmaʿ 2694
Muḥammad b. Muḥammad b. al-Mihmandār 2065,Muḥammad b. Muḥammad b. al-Mihmandār 2065
Muḥammad b. Muḥammad b. ʿAbd al-Munʿim al-Baghdādī al-Ḥanbalī 2786,Muḥammad b. Muḥammad b. ʿAbd al-Munʿim al-Baghdādī al-Ḥanbalī 2786
Muḥammad b. Qalamṭāy 4435,Muḥammad b. Qalamṭāy 4435
Muḥammad b. Qaṣrūh 3421,Muḥammad b. Qaṣrūh 3421
Muḥammad b. Qānṣūh 348,Muḥammad b. Qānṣūh 348
Muḥammad b. Qāsim 132,Muḥammad b. Qāsim 132
Muḥammad b. Saʿīd al-Ṣaghānī 4190,Muḥammad b. Saʿīd al-Ṣaghānī 4190
Muḥammad b. Shaykh 1118,Muḥammad b. Shaykh 1118
Muḥammad b. Taghrī Birdī 2750,Muḥammad b. Taghrī Birdī 2750
Muḥammad b. Tūqān 2307,Muḥammad b. Tūqān 2307
Muḥammad b. Walaṣmaʿ 2692,Muḥammad b. Walaṣmaʿ 2692
Muḥammad b. Zāda Sibṭ al-ʾAqṣarāʾī 3912,Muḥammad b. Zāda Sibṭ al-ʾAqṣarāʾī 3912
Muḥammad b. al-Fakhrī ʿUthmān 3180,Muḥammad b. al-Fakhrī ʿUthmān 3180
Muḥammad b. al-Faqīh 4662,Muḥammad b. al-Faqīh 4662
Muḥammad b. al-Jazarī 4562,Muḥammad b. al-Jazarī 4562
Muḥammad b. al-Kishk 2895,Muḥammad b. al-Kishk 2895
Muḥammad b. al-Mihmandār  1988,Muḥammad b. al-Mihmandār  1988
Muḥammad b. al-Muzalliq 482,Muḥammad b. al-Muzalliq 482
Muḥammad b. al-Nāṣir Faraj 671,Muḥammad b. al-Nāṣir Faraj 671
Muḥammad b. al-Shiḥna  711,Muḥammad b. al-Shiḥna  711
Muḥammad b. al-Tanasī 210,Muḥammad b. al-Tanasī 210
Muḥammad b. al-ʾAmīr Ṭūghān 1484,Muḥammad b. al-ʾAmīr Ṭūghān 1484
Muḥammad b. al-Ḍiyāʾ 3027,Muḥammad b. al-Ḍiyāʾ 3027
Muḥammad b. al-Ḥusām 1736,Muḥammad b. al-Ḥusām 1736
Muḥammad b. al-Ṣāʾigh 3518,Muḥammad b. al-Ṣāʾigh 3518
Muḥammad b. al-Ṭāzī 2005,Muḥammad b. al-Ṭāzī 2005
Muḥammad b. al-Ṭūlūnī 4482,Muḥammad b. al-Ṭūlūnī 4482
Muḥammad b. ʾAbī al-Baqāʾ 2863,Muḥammad b. ʾAbī al-Baqāʾ 2863
Muḥammad b. ʾAḥmad b. ʿAjlān 2336,Muḥammad b. ʾAḥmad b. ʿAjlān 2336
Muḥammad b. ʾUrkmās 3540,Muḥammad b. ʾUrkmās 3540
Muḥammad b. ʾĀqbughā ʾĀṣ 1739,Muḥammad b. ʾĀqbughā ʾĀṣ 1739
Muḥammad b. ʿAbd al-Bāsiṭ 1520,Muḥammad b. ʿAbd al-Bāsiṭ 1520
Muḥammad b. ʿAbd al-Munʿim al-Baghdādī 586,Muḥammad b. ʿAbd al-Munʿim al-Baghdādī 586
Muḥammad b. ʿAbd al-Razzāq 363,Muḥammad b. ʿAbd al-Razzāq 363
Muḥammad b. ʿAjlān 4468,Muḥammad b. ʿAjlān 4468
Muḥammad b. ʿAlī b. Shaʿbān 3888,Muḥammad b. ʿAlī b. Shaʿbān 3888
Muḥammad b. ʿAnqāʾ b. Muhannā 4277,Muḥammad b. ʿAnqāʾ b. Muhannā 4277
Muḥammad b. ʿAṭīfa 4467,Muḥammad b. ʿAṭīfa 4467
Muḥammad b. ʿUmar b. Ḥijjī 545,Muḥammad b. ʿUmar b. Ḥijjī 545
Muḥammad b. Ṣadaqa al-Muḥarraqī 785,Muḥammad b. Ṣadaqa al-Muḥarraqī 785
Muḥammad b.al-Kuwayz 4067,Muḥammad b.al-Kuwayz 4067
Muḥammad b.ʾAlṭunbughā al-Qurmushī 399,Muḥammad b.ʾAlṭunbughā al-Qurmushī 399
Muḥammad ibn Minṭāsh 2593,Muḥammad ibn Minṭāsh 2593
Muḥammad ibn Muḥammad ibn Tankiz al-Nāṣirī  2163,Muḥammad ibn Muḥammad ibn Tankiz al-Nāṣirī  2163
Muḥammad ʾAbū Nāṣir al-Dīn al-Ḥalabī 4564,Muḥammad ʾAbū Nāṣir al-Dīn al-Ḥalabī 4564
Muḥammad ʾAbū ʿAbd al-Raḥmān b. Khayr 4238,Muḥammad ʾAbū ʿAbd al-Raḥmān b. Khayr 4238
Muḥammad ʿAbd al-Qādir 616,Muḥammad ʿAbd al-Qādir 616
Muḥibb al-Dīn Abū Ḥasan 4142,Muḥibb al-Dīn Abū Ḥasan 4142
Muḥibb al-Dīn Muḥammad 3907,Muḥibb al-Dīn Muḥammad 3907
Muḥibb al-Dīn Muḥammad 3939,Muḥibb al-Dīn Muḥammad 3939
Muḥibb al-Dīn Muḥammad b. Nāṣir al-Dīn Muḥammad al-Fāqūsī 4021,Muḥibb al-Dīn Muḥammad b. Nāṣir al-Dīn Muḥammad al-Fāqūsī 4021
Muḥibb al-Dīn Muḥammad b. al-ʾAshqar 55,Muḥibb al-Dīn Muḥammad b. al-ʾAshqar 55
Muḥibb al-Dīn al-Nuwayrī 4462,Muḥibb al-Dīn al-Nuwayrī 4462
Muḥibb al-Dīn al-Nuwayrī 4475,Muḥibb al-Dīn al-Nuwayrī 4475
Muḥibb al-Dīn al-Nuwayrī 4716,Muḥibb al-Dīn al-Nuwayrī 4716
Muḥibb al-Dīn al-Ṭabarī 1120,Muḥibb al-Dīn al-Ṭabarī 1120
Muḥibb al-Dīn b. Ẓuhayra 4720,Muḥibb al-Dīn b. Ẓuhayra 4720
Muḥibb al-Dīn ʾAḥmad al-Baghdādī 553,Muḥibb al-Dīn ʾAḥmad al-Baghdādī 553
Muḥyī al-Dīn al-Fāsī 4257,Muḥyī al-Dīn al-Fāsī 4257
Muṣṭafā 3791,Muṣṭafā 3791
Muṣṭafā b. Qaramān 826,Muṣṭafā b. Qaramān 826
Mājid b. al-Naḥḥāl 4451,Mājid b. al-Naḥḥāl 4451
Māmish al-Muʾayyadī 1666,Māmish al-Muʾayyadī 1666
Māniʿ al-Ḥusaynī 1600,Māniʿ al-Ḥusaynī 1600
Māḍī 2799,Māḍī 2799
Mīrzāh b. ʾAkhī Qarā Yūsuf 4582,Mīrzāh b. ʾAkhī Qarā Yūsuf 4582
Mūsā 3763,Mūsā 3763
Mūsā al-Karakī al-Shawbikī 3699,Mūsā al-Karakī al-Shawbikī 3699
Mūsā b. Jumaʿa 4601,Mūsā b. Jumaʿa 4601
Mūsā b. Muḥammad b. Mūsā 3762,Mūsā b. Muḥammad b. Mūsā 3762
Mūsā b. Qumārī 1769,Mūsā b. Qumārī 1769
Mūsā b. Shaykh 1073,Mūsā b. Shaykh 1073
Mūsā b. ʿAssāf b. Muhannā 4276,Mūsā b. ʿAssāf b. Muhannā 4276
Mūsā b.ʿAlī b. Nuʿayr 687,Mūsā b.ʿAlī b. Nuʿayr 687
Nafisāʾ bint al-Muʾayyad 3809,Nafisāʾ bint al-Muʾayyad 3809
Nafīs 4418,Nafīs 4418
Nafīsa bt. Muḥammad Bak 562,Nafīsa bt. Muḥammad Bak 562
Najm al-Dīn al-ʾAṣfūnī 4569,Najm al-Dīn al-ʾAṣfūnī 4569
Najm al-Dīn b. Fahd 4568,Najm al-Dīn b. Fahd 4568
Najm al-Dīn b. al-Shahīd 4458,Najm al-Dīn b. al-Shahīd 4458
Najm al-Dīn ʿAbd al-Laṭīf 4460,Najm al-Dīn ʿAbd al-Laṭīf 4460
Najm al-Dīn ʿUmar b. Ḥajjī 2915,Najm al-Dīn ʿUmar b. Ḥajjī 2915
Nawrūz al-Khuḍarī 2006,Nawrūz al-Khuḍarī 2006
Nawrūz al-Ḥāfiẓī 35,Nawrūz al-Ḥāfiẓī 35
Naṣr Allāh al-Baghdādī 1299,Naṣr Allāh al-Baghdādī 1299
Naṣr Allāh b. Ḥasan  4146,Naṣr Allāh b. Ḥasan  4146
Niẓām al-Dīn Yaḥyā al-Sīrāmī 4304,Niẓām al-Dīn Yaḥyā al-Sīrāmī 4304
Nuʿayr b. Muhannā 1819,Nuʿayr b. Muhannā 1819
Nuʿayr b. Ḥayār 1492,Nuʿayr b. Ḥayār 1492
Nāṣir al-Dīn Muḥammad 1602,Nāṣir al-Dīn Muḥammad 1602
Nāṣir al-Dīn Muḥammad 4521,Nāṣir al-Dīn Muḥammad 4521
Nāṣir al-Dīn Muḥammad al-Muqayrī 2788,Nāṣir al-Dīn Muḥammad al-Muqayrī 2788
Nāṣir al-Dīn Muḥammad b. Satīt 4353,Nāṣir al-Dīn Muḥammad b. Satīt 4353
Nāṣir al-Dīn Naṣr Allāh al-Ḥanbalī 2560,Nāṣir al-Dīn Naṣr Allāh al-Ḥanbalī 2560
Nāṣir al-Dīn al-Fāqūsī  3971,Nāṣir al-Dīn al-Fāqūsī  3971
Nāṣir al-Dīn al-Tansī 4722,Nāṣir al-Dīn al-Tansī 4722
Nāṣir al-Dīn al-Ḥalabī 4563,Nāṣir al-Dīn al-Ḥalabī 4563
Nāṣir al-Dīn al-Ḥājib 2004,Nāṣir al-Dīn al-Ḥājib 2004
Nāṣir al-Dīn b. al-Bārizī 71,Nāṣir al-Dīn b. al-Bārizī 71
Nāṣir al-Dīn b. al-Furāt 4526,Nāṣir al-Dīn b. al-Furāt 4526
Nāṣir al-Dīn b. al-Mukhalliṭa 1402,Nāṣir al-Dīn b. al-Mukhalliṭa 1402
Nāṣir al-Dīn b. al-ʿAdīm 101,Nāṣir al-Dīn b. al-ʿAdīm 101
Nāṣir al-Dīn b. al-ʿAttār 1222,Nāṣir al-Dīn b. al-ʿAttār 1222
Nāṣir al-Dīn b. al-Ṭablāwī 4354,Nāṣir al-Dīn b. al-Ṭablāwī 4354
Nāṣir al-Dīn b. bint al-Maylaq 2791,Nāṣir al-Dīn b. bint al-Maylaq 2791
Nūr al-Dīn al-Ṭanbadhī 1011,Nūr al-Dīn al-Ṭanbadhī 1011
Nūr al-Dīn ʾAbi l-Ḥasan 4402,Nūr al-Dīn ʾAbi l-Ḥasan 4402
Nūr al-Dīn ʾAbū l-Ḥasan ʿAlī b. ʾAyyūb 3727,Nūr al-Dīn ʾAbū l-Ḥasan ʿAlī b. ʾAyyūb 3727
Nūr al-Dīn ʿAlī 3838,Nūr al-Dīn ʿAlī 3838
Nūr al-Dīn ʿAlī al-Qāyātī 4531,Nūr al-Dīn ʿAlī al-Qāyātī 4531
Nūr al-Dīn ʿAlī al-Ḥajabī 4369,Nūr al-Dīn ʿAlī al-Ḥajabī 4369
Pir Buḍagh b. Jahān Shāh 3239,Pir Buḍagh b. Jahān Shāh 3239
Qalamṭāy al-Dawādār 1765,Qalamṭāy al-Dawādār 1765
Qardam al-Ḥasanī 1966,Qardam al-Ḥasanī 1966
Qarā Muḥammad 2345,Qarā Muḥammad 2345
Qarā Yūsuf b. Qarā Muḥammad 331,Qarā Yūsuf b. Qarā Muḥammad 331
Qarā ʾAḥmad 3012,Qarā ʾAḥmad 3012
Qarājā (Qarāqujā) al-Ḥasanī  31,Qarājā (Qarāqujā) al-Ḥasanī  31
Qarājā b. Dulghādir 2256,Qarājā b. Dulghādir 2256
Qarājā bt. ʾArghūn Shāh 4495,Qarājā bt. ʾArghūn Shāh 4495
Qashtam al-Muʾayyadī 512,Qashtam al-Muʾayyadī 512
Qaṣrūh 2348,Qaṣrūh 2348
Qaṣrūh min Timrāz al-Ẓāhirī 145,Qaṣrūh min Timrāz al-Ẓāhirī 145
Qujaq al-ʿĪsāwī 207,Qujaq al-ʿĪsāwī 207
Qujmās al-Muḥammadī al-Jarkasī 1964,Qujmās al-Muḥammadī al-Jarkasī 1964
Qujmās b. Qurqmās 4433,Qujmās b. Qurqmās 4433
Qujqār al-Qurdumī 247,Qujqār al-Qurdumī 247
Qumārī 4600,Qumārī 4600
Qurqmās 796,Qurqmās 796
Qurqmās 853,Qurqmās 853
Qurqmās Sayyidī al-Kabīr 53,Qurqmās Sayyidī al-Kabīr 53
Qurqmās al-Shaʿbānī 11,Qurqmās al-Shaʿbānī 11
Qurqmās al-ʾAshrafī al-Jalab 863,Qurqmās al-ʾAshrafī al-Jalab 863
Qushtamur b. Qujmās 1791,Qushtamur b. Qujmās 1791
Quṭlubāy 1074,Quṭlubāy 1074
Quṭluqtamur al-ʿAlāʾī 2293,Quṭluqtamur al-ʿAlāʾī 2293
Quṭlūbak al-ʾUstādār 3864,Quṭlūbak al-ʾUstādār 3864
Quṭlūbak al-ʿAlāʾī al-ʾUstādār 1809,Quṭlūbak al-ʿAlāʾī al-ʾUstādār 1809
Quṭlūbak b. Ṭūr ʿAlī  4273,Quṭlūbak b. Ṭūr ʿAlī  4273
Quṭlūbughā  al-Sūdūnī 4425,Quṭlūbughā  al-Sūdūnī 4425
Quṭlūbughā al-Kawkāʾī* 1679,Quṭlūbughā al-Kawkāʾī* 1679
Quṭlūbughā al-Ṣafawī 1734,Quṭlūbughā al-Ṣafawī 1734
Qānī Bak al-Maḥmūdī 978,Qānī Bak al-Maḥmūdī 978
Qānī Bāy Qarā al-ʾAshrafī al-ʾĪnālī 3183,Qānī Bāy Qarā al-ʾAshrafī al-ʾĪnālī 3183
Qānī Bāy al-Jārkasī 44,Qānī Bāy al-Jārkasī 44
Qānī Bāy al-ʿAlāʾī 2261,Qānī Bāy al-ʿAlāʾī 2261
Qānī Bāy al-Ḥamzāwī 176,Qānī Bāy al-Ḥamzāwī 176
Qānī Bāy al-Ṣaghīr al-Muḥammadī 42,Qānī Bāy al-Ṣaghīr al-Muḥammadī 42
Qānī Bāy b. ʿAbd Allāh 2197,Qānī Bāy b. ʿAbd Allāh 2197
Qānībāy 4131,Qānībāy 4131
Qānṣūh al-Muḥammadī al-ʾAshrafī 1106,Qānṣūh al-Muḥammadī al-ʾAshrafī 1106
Qānṣūh al-Nawrūzī 344,Qānṣūh al-Nawrūzī 344
Qārā b. Muhannaʾ b. ʿĪsā b. Muhanna 2254,Qārā b. Muhannaʾ b. ʿĪsā b. Muhanna 2254
Qāsim al-Ḥanafī 3339,Qāsim al-Ḥanafī 3339
Qāsim b. Jumʿa al-Qasāsī  1025,Qāsim b. Jumʿa al-Qasāsī  1025
Qāsim b. Kumushbughā 3173,Qāsim b. Kumushbughā 3173
Qāsim b. Qarā Yuluk 2715,Qāsim b. Qarā Yuluk 2715
Qāsim b. Taghrī Birdī 2744,Qāsim b. Taghrī Birdī 2744
Qāsim b. al-Bulqīnī 1038,Qāsim b. al-Bulqīnī 1038
Qāsim b. Ṣawjī * 370,Qāsim b. Ṣawjī * 370
Qūmāṭ b. ʾIskandar 3403,Qūmāṭ b. ʾIskandar 3403
Raslān al-Bulqīnī 4397,Raslān al-Bulqīnī 4397
Raslān al-Bulqīnī al-Shāfiʿī 4175,Raslān al-Bulqīnī al-Shāfiʿī 4175
Rasūl b. Yūsuf 4272,Rasūl b. Yūsuf 4272
Raḥab al-Tājir 1551,Raḥab al-Tājir 1551
Rumaytha b. Muḥammad b. ʿAjlān 457,Rumaytha b. Muḥammad b. ʿAjlān 457
Rustam b. Nāṣir al-Dīn Bak b. Dulghādir 3368,Rustam b. Nāṣir al-Dīn Bak b. Dulghādir 3368
Salmūn b. ʾIsḥāq 2698,Salmūn b. ʾIsḥāq 2698
Salāḥ al-Dīn Muḥammad b. al-Kuwayz 4068,Salāḥ al-Dīn Muḥammad b. al-Kuwayz 4068
Salīm al-Jinānī al-Muʿtaqad 4278,Salīm al-Jinānī al-Muʿtaqad 4278
Sanad b. Rumaytha 4408,Sanad b. Rumaytha 4408
Satīta 1589,Satīta 1589
Satīta bint al-Nāṣir Faraj 219,Satīta bint al-Nāṣir Faraj 219
Savārbāy al-Jarkasīya 3357,Savārbāy al-Jarkasīya 3357
Sawinjbughā al-Yūnusī al-Nāṣirī 783,Sawinjbughā al-Yūnusī al-Nāṣirī 783
Sayf al-Dīn Damurdāsh 3662,Sayf al-Dīn Damurdāsh 3662
Sayf al-Dīn Yakhshī Bāy 354,Sayf al-Dīn Yakhshī Bāy 354
Sayf al-Dīn al-Qāsimī 438,Sayf al-Dīn al-Qāsimī 438
Sayf al-Dīn al-Sīrāmī 4303,Sayf al-Dīn al-Sīrāmī 4303
Saʿd al-Dīn Faraj b. al-Naḥḥāl 1022,Saʿd al-Dīn Faraj b. al-Naḥḥāl 1022
Saʿd al-Dīn Masʿūd  3943,Saʿd al-Dīn Masʿūd  3943
Saʿd al-Dīn Muḥammad 4621,Saʿd al-Dīn Muḥammad 4621
Saʿd al-Dīn al-Bashīrī 182,Saʿd al-Dīn al-Bashīrī 182
Saʿd al-Dīn al-Dīrī al-Ḥanafī 94,Saʿd al-Dīn al-Dīrī al-Ḥanafī 94
Saʿd al-Dīn b. Ghurāb 1997,Saʿd al-Dīn b. Ghurāb 1997
Saʿd al-Dīn b. al-Baqrī 4510,Saʿd al-Dīn b. al-Baqrī 4510
Saʿd al-Dīn ʾAbī l-Faraj 4210,Saʿd al-Dīn ʾAbī l-Faraj 4210
Saʿādāt 1365,Saʿādāt 1365
Saʿīd 4513,Saʿīd 4513
Shakarbāy al-ʾAḥmadīya 2860,Shakarbāy al-ʾAḥmadīya 2860
Shams al-Dīn Muḥammad 3081,Shams al-Dīn Muḥammad 3081
Shams al-Dīn Muḥammad al-Dīrī 508,Shams al-Dīn Muḥammad al-Dīrī 508
Shams al-Dīn Muḥammad al-Tansī 4723,Shams al-Dīn Muḥammad al-Tansī 4723
Shams al-Dīn Muḥammad al-Zaylaʿī 4383,Shams al-Dīn Muḥammad al-Zaylaʿī 4383
Shams al-Dīn Muḥammad b. al-Labān* 4676,Shams al-Dīn Muḥammad b. al-Labān* 4676
Shams al-Dīn Muḥammad b. al-Saḥmāwī al-Shāfiʿī 3754,Shams al-Dīn Muḥammad b. al-Saḥmāwī al-Shāfiʿī 3754
Shams al-Dīn Muḥammad b. ʿAlī b. Muḥammad 3841,Shams al-Dīn Muḥammad b. ʿAlī b. Muḥammad 3841
Shams al-Dīn Muḥammad b. Ḥasan 3751,Shams al-Dīn Muḥammad b. Ḥasan 3751
Shams al-Dīn Suwaydān 3634,Shams al-Dīn Suwaydān 3634
Shams al-Dīn al-Barmāwī 1204,Shams al-Dīn al-Barmāwī 1204
Shams al-Dīn al-Basāṭī  78,Shams al-Dīn al-Basāṭī  78
Shams al-Dīn al-Bīrī 1376,Shams al-Dīn al-Bīrī 1376
Shams al-Dīn al-Fanarī 1512,Shams al-Dīn al-Fanarī 1512
Shams al-Dīn al-Jazarī al-Muʾarrikh 4346,Shams al-Dīn al-Jazarī al-Muʾarrikh 4346
Shams al-Dīn al-Kirmānī 4623,Shams al-Dīn al-Kirmānī 4623
Shams al-Dīn al-Qāyātī al-Shāfiʿī 836,Shams al-Dīn al-Qāyātī al-Shāfiʿī 836
Shams al-Dīn al-ʾAdhraʿī 4485,Shams al-Dīn al-ʾAdhraʿī 4485
Shams al-Dīn al-ʿUmrī 4520,Shams al-Dīn al-ʿUmrī 4520
Shams al-Dīn b. al-Jazarī 1247,Shams al-Dīn b. al-Jazarī 1247
Shams al-Dīn b. ʾAkhī Jār Allāh 4571,Shams al-Dīn b. ʾAkhī Jār Allāh 4571
Shams al-Dīn ʾAbu l-Ḥasan 3356,Shams al-Dīn ʾAbu l-Ḥasan 3356
Shams al-Dīn ʾAbī ʾImama  4669,Shams al-Dīn ʾAbī ʾImama  4669
Shaqrāʾ bt. al-Nāṣir Faraj 2487,Shaqrāʾ bt. al-Nāṣir Faraj 2487
Sharaf al-Dīn Muḥammad b. ʾAḥmad 4144,Sharaf al-Dīn Muḥammad b. ʾAḥmad 4144
Sharaf al-Dīn Yaḥyā al-Munāwī 1396,Sharaf al-Dīn Yaḥyā al-Munāwī 1396
Sharaf al-Dīn al-ʾAnṣārī 1054,Sharaf al-Dīn al-ʾAnṣārī 1054
Sharaf al-Dīn ʾAbu l-Ṭayyib 929,Sharaf al-Dīn ʾAbu l-Ṭayyib 929
Sharaf al-Dīn ʾAḥmad b. al-Ḥusayn 4218,Sharaf al-Dīn ʾAḥmad b. al-Ḥusayn 4218
Sharaf al-Dīn ʿAbd al-Munʿim 1603,Sharaf al-Dīn ʿAbd al-Munʿim 1603
Shaykh al-Khāṣṣakī al-Ṣafawī 1774,Shaykh al-Khāṣṣakī al-Ṣafawī 1774
Shaykh Ḥasan 2387,Shaykh Ḥasan 2387
Shihāb al- Dīn ʾAḥmad b. Ḥajar 93,Shihāb al- Dīn ʾAḥmad b. Ḥajar 93
Shihāb al-Din ʾAḥmad b. al-Kishk 915,Shihāb al-Din ʾAḥmad b. al-Kishk 915
Shihāb al-Dīn b. Maylaq 4516,Shihāb al-Dīn b. Maylaq 4516
Shihāb al-Dīn b. al-Burhān 4726,Shihāb al-Dīn b. al-Burhān 4726
Shihāb al-Dīn b. al-Kuwayz 4069,Shihāb al-Dīn b. al-Kuwayz 4069
Shihāb al-Dīn b. ʾAbi l-Baqāʾ 4714,Shihāb al-Dīn b. ʾAbi l-Baqāʾ 4714
Shihāb al-Dīn b. Ẓuhayra 4702,Shihāb al-Dīn b. Ẓuhayra 4702
Shihāb al-Dīn ʾAḥmad 1604,Shihāb al-Dīn ʾAḥmad 1604
Shihāb al-Dīn ʾAḥmad 4484,Shihāb al-Dīn ʾAḥmad 4484
Shihāb al-Dīn ʾAḥmad 4607,Shihāb al-Dīn ʾAḥmad 4607
Shihāb al-Dīn ʾAḥmad al-Bāʿūnī 3822,Shihāb al-Dīn ʾAḥmad al-Bāʿūnī 3822
Shihāb al-Dīn ʾAḥmad al-ʾAdhraʿī 3007,Shihāb al-Dīn ʾAḥmad al-ʾAdhraʿī 3007
Shihāb al-Dīn ʾAḥmad al-Ḥusaynī 912,Shihāb al-Dīn ʾAḥmad al-Ḥusaynī 912
Shihāb al-Dīn ʾAḥmad b. Ẓuhayr 4580,Shihāb al-Dīn ʾAḥmad b. Ẓuhayr 4580
Shihāb al-Dīn ʾAḥmad ibn Baqar 2439,Shihāb al-Dīn ʾAḥmad ibn Baqar 2439
Shukrbayh 378,Shukrbayh 378
Shāh Muḥammad b. Qarā Yūsuf 341,Shāh Muḥammad b. Qarā Yūsuf 341
Shāh Rukh b. Tīmūrlank 143,Shāh Rukh b. Tīmūrlank 143
Shāh Zādah bint Ibn ʿUthmān 2983,Shāh Zādah bint Ibn ʿUthmān 2983
Shāh ʾAḥmad b. Qarā Yūsuf 3849,Shāh ʾAḥmad b. Qarā Yūsuf 3849
Shāhīn al-Shaykhī 3049,Shāhīn al-Shaykhī 3049
Shāhīn al-ʾAfram 41,Shāhīn al-ʾAfram 41
Shīrīn al-Rūmīya 2741,Shīrīn al-Rūmīya 2741
Sirāj al-Dīn ʿAbd al-Laṭīf 2270,Sirāj al-Dīn ʿAbd al-Laṭīf 2270
Sirāj al-Dīn ʿUmar al-Bulqīnī  3690,Sirāj al-Dīn ʿUmar al-Bulqīnī  3690
Sirāj al-Dīn ʿUmar b. al-Mulaqqin 2862,Sirāj al-Dīn ʿUmar b. al-Mulaqqin 2862
Sirāj al-Dīn ʿUmar b. al-Mulaqqin al-Shāfiʿī 3837,Sirāj al-Dīn ʿUmar b. al-Mulaqqin al-Shāfiʿī 3837
Sitt al-Mulūk Bint al-Ẓāhir Ṭaṭar 1360,Sitt al-Mulūk Bint al-Ẓāhir Ṭaṭar 1360
Sulaymān al-Ḥusaynī 2366,Sulaymān al-Ḥusaynī 2366
Sulaymān b. Muḥammad b. Dulghādir 2304,Sulaymān b. Muḥammad b. Dulghādir 2304
Sulaymān b. Rasūl 4271,Sulaymān b. Rasūl 4271
Sulaymān b. al-Kuwayz 660,Sulaymān b. al-Kuwayz 660
Sulaymān b. ʾArkhun Bak 3510,Sulaymān b. ʾArkhun Bak 3510
Sulaymān b. ʿAnqāʾ b. Muhannā 1925,Sulaymān b. ʿAnqāʾ b. Muhannā 1925
Sulaymān b. ʿAzīz 4125,Sulaymān b. ʿAzīz 4125
Sulaymān b. ʿUthmān 825,Sulaymān b. ʿUthmān 825
Sulaymān b. ʿĪsā b. ʿUmar al-Hawwārī  1449,Sulaymān b. ʿĪsā b. ʿUmar al-Hawwārī  1449
Sunqur b. Wabīr 3255,Sunqur b. Wabīr 3255
Suwār b. Dulghādir 3363,Suwār b. Dulghādir 3363
Sālim al-Dūkārī 2162,Sālim al-Dūkārī 2162
Sāra bint ʾĀqbughā al-Timrāzī 1521,Sāra bint ʾĀqbughā al-Timrāzī 1521
Sārā bint al-Ẓāhir Barqūq 2752,Sārā bint al-Ẓāhir Barqūq 2752
Sūdūn Buqja 1278,Sūdūn Buqja 1278
Sūdūn Miyiq 1576,Sūdūn Miyiq 1576
Sūdūn al-Faqīh 3582,Sūdūn al-Faqīh 3582
Sūdūn al-Jakamī 20,Sūdūn al-Jakamī 20
Sūdūn al-Muḥammadī 3164,Sūdūn al-Muḥammadī 3164
Sūdūn al-Shaykhūnī 1753,Sūdūn al-Shaykhūnī 1753
Sūdūn al-Ẓāhirī 1795,Sūdūn al-Ẓāhirī 1795
Sūdūn al-Ẓāhirī 2743,Sūdūn al-Ẓāhirī 2743
Sūdūn min Zādah 1930,Sūdūn min Zādah 1930
Sūdūn min ʿAbd al-Raḥmān 259,Sūdūn min ʿAbd al-Raḥmān 259
Sūlaw b. Kubuk 422,Sūlaw b. Kubuk 422
Sūlī b. Dulghādir al-Turkumānī 1768,Sūlī b. Dulghādir al-Turkumānī 1768
Tadrus* b. Dāwud 2691,Tadrus* b. Dāwud 2691
Taghrī Birdī Sayyidī al-Ṣaghīr 65,Taghrī Birdī Sayyidī al-Ṣaghīr 65
Taghrī Birdī al-Bashbughāwī  1889,Taghrī Birdī al-Bashbughāwī  1889
Taghrī Birdī al-Muʾayyadī 930,Taghrī Birdī al-Muʾayyadī 930
Taghrī Birmish al-Jalālī 716,Taghrī Birmish al-Jalālī 716
Taghrī Birmish al-Turkmānī 110,Taghrī Birmish al-Turkmānī 110
Taghrī Birmish al-Zardkāsh 651,Taghrī Birmish al-Zardkāsh 651
Tanam al-Muʾayyadī 227,Tanam al-Muʾayyadī 227
Tanam al-Ḥasanī 1117,Tanam al-Ḥasanī 1117
Tanbak Miyiq 308,Tanbak Miyiq 308
Tanbak al-Yaḥyāwī 1764,Tanbak al-Yaḥyāwī 1764
Tanbak al-Ẓāhirī 592,Tanbak al-Ẓāhirī 592
Tankiz 2445,Tankiz 2445
Taqī Al-Dīn ʿAbd al-Raḥmān al-Zubayrī 4239,Taqī Al-Dīn ʿAbd al-Raḥmān al-Zubayrī 4239
Taqī al-Dīn Yaḥyā al-Kirmānī 4624,Taqī al-Dīn Yaḥyā al-Kirmānī 4624
Taqī al-Dīn al-Bulqīnī 1394,Taqī al-Dīn al-Bulqīnī 1394
Taqī al-Dīn al-Fāsī 683,Taqī al-Dīn al-Fāsī 683
Taqī al-Dīn al-Kaffarī al-Ḥanafī 4216,Taqī al-Dīn al-Kaffarī al-Ḥanafī 4216
Taqī al-Dīn al-ʾIsnāʾī 4255,Taqī al-Dīn al-ʾIsnāʾī 4255
Taqī al-Dīn al-Ḥarāzī 4703,Taqī al-Dīn al-Ḥarāzī 4703
Taqī al-Dīn ʾAḥmad Munajjā 4375,Taqī al-Dīn ʾAḥmad Munajjā 4375
Thaqaba 4466,Thaqaba 4466
Thurayyā 3997,Thurayyā 3997
Timrāz al-Muʾayyadī al-Muṣāriʿ 737,Timrāz al-Muʾayyadī al-Muṣāriʿ 737
Timrāz al-Nāṣirī 1003,Timrāz al-Nāṣirī 1003
Timrāz al-Qurmishī  27,Timrāz al-Qurmishī  27
Timurbughā al-ʾAfḍalī Minṭāsh 1894,Timurbughā al-ʾAfḍalī Minṭāsh 1894
Timurbughā al-Ẓāhirī 754,Timurbughā al-Ẓāhirī 754
Timurbāy al-Ḥasanī 1717,Timurbāy al-Ḥasanī 1717
Tāj al-Dīn Muḥammad al-Bulqīnī 3163,Tāj al-Dīn Muḥammad al-Bulqīnī 3163
Tāj al-Dīn Mūsā 4209,Tāj al-Dīn Mūsā 4209
Tāj al-Dīn Tāj al-Shawīkī 116,Tāj al-Dīn Tāj al-Shawīkī 116
Tāj al-Dīn b. Naṣr Allāh al-Baqrī 4613,Tāj al-Dīn b. Naṣr Allāh al-Baqrī 4613
Tāj al-Dīn ʿAbd Allāh b. al-Maqsī 1050,Tāj al-Dīn ʿAbd Allāh b. al-Maqsī 1050
Tīmūrlank 1249,Tīmūrlank 1249
Walad Jahān Kīr 4136,Walad Jahān Kīr 4136
Walad al-Jamālī Yūsuf b. Kātib Jakam 1486,Walad al-Jamālī Yūsuf b. Kātib Jakam 1486
Walad al-Ẓāhir Khushqadam (1) 3962,Walad al-Ẓāhir Khushqadam (1) 3962
Walad al-Ẓāhir Khushqadam (2) 3963,Walad al-Ẓāhir Khushqadam (2) 3963
Walad al-Ẓāhir Khushqadam (3) 3964,Walad al-Ẓāhir Khushqadam (3) 3964
Walī al-Dīn Muḥammad al-Safṭī 111,Walī al-Dīn Muḥammad al-Safṭī 111
Walī al-Dīn al-Subkī 4377,Walī al-Dīn al-Subkī 4377
Walī al-Dīn b. al-ʿIrāqī 988,Walī al-Dīn b. al-ʿIrāqī 988
Walī al-Dīn ʾAḥmad 1395,Walī al-Dīn ʾAḥmad 1395
Wālid b. Ẓāhir 1236,Wālid b. Ẓāhir 1236
Yaghmūr b. Bahādur 329,Yaghmūr b. Bahādur 329
Yalbughā al-ʿUmarī al-Khāṣṣakī 2253,Yalbughā al-ʿUmarī al-Khāṣṣakī 2253
Yalkhujā min Māmish 652,Yalkhujā min Māmish 652
Yalluwā b. Saḥākā  2030,Yalluwā b. Saḥākā  2030
Yar ʿAlī al-Dukarī 346,Yar ʿAlī al-Dukarī 346
Yashbak al-Faqīh 509,Yashbak al-Faqīh 509
Yashbak al-Jakamī 3222,Yashbak al-Jakamī 3222
Yashbak al-Muʾayyadī al-Ṣūfī 919,Yashbak al-Muʾayyadī al-Ṣūfī 919
Yashbak al-ʾAtābakī al-Mushidd 28,Yashbak al-ʾAtābakī al-Mushidd 28
Yashbak al-ʾAʿraj 1436,Yashbak al-ʾAʿraj 1436
Yashbak al-Ẓāhirī 944,Yashbak al-Ẓāhirī 944
Yashbak b.ʾUzdamur 77,Yashbak b.ʾUzdamur 77
Yashbak min Mahdī al-Ẓāhirī 2291,Yashbak min Mahdī al-Ẓāhirī 2291
Yashbak ʾAkhū al-ʾAshraf Barsbāy 1452,Yashbak ʾAkhū al-ʾAshraf Barsbāy 1452
Yashbak ʾĀnālī 942,Yashbak ʾĀnālī 942
Yaʿqūb b. Qarā Yuluk 164,Yaʿqūb b. Qarā Yuluk 164
Yaḥya b. al-ʾAqṣarāʾī 1417,Yaḥya b. al-ʾAqṣarāʾī 1417
Yaḥyā b. Lāqī 2009,Yaḥyā b. Lāqī 2009
Yaḥyā b. al-Mustaʿīn bi-llāh 4155,Yaḥyā b. al-Mustaʿīn bi-llāh 4155
Yaḥyā b. al-ʾAshraf 3004,Yaḥyā b. al-ʾAshraf 3004
Yaḥyā b. al-ʿAṭṭār 2239,Yaḥyā b. al-ʿAṭṭār 2239
Yaḥyā b. Ḥijjī 4066,Yaḥyā b. Ḥijjī 4066
Yūnus al-Mushidd 1489,Yūnus al-Mushidd 1489
Yūnus al-Nawrūzī al-Dawādār 1705,Yūnus al-Nawrūzī al-Dawādār 1705
Yūnus al-ʾĀqbāy  862,Yūnus al-ʾĀqbāy  862
Yūnus b. ʿUmar al-Hawwārī  3448,Yūnus b. ʿUmar al-Hawwārī  3448
Yūsuf b. Muḥammad 4373,Yūsuf b. Muḥammad 4373
Yūsuf b. Taghrī Birdī 924,Yūsuf b. Taghrī Birdī 924
Yūsuf b. al-Bārizī 4059,Yūsuf b. al-Bārizī 4059
Yūsuf b. ʾAḥmad al-Bāʿūnī 546,Yūsuf b. ʾAḥmad al-Bāʿūnī 546
Zawjat ʾĀqbughā Turkumān 2949,Zawjat ʾĀqbughā Turkumān 2949
Zayn al-Dīn Faraj 4452,Zayn al-Dīn Faraj 4452
Zayn al-Dīn Yaḥyā 118,Zayn al-Dīn Yaḥyā 118
Zayn al-Dīn b. ʾIbrāhīm ib. Makānis 2512,Zayn al-Dīn b. ʾIbrāhīm ib. Makānis 2512
Zayn al-Dīn l-Qimanī  3908,Zayn al-Dīn l-Qimanī  3908
Zayn al-Dīn ʿAbd al-Ghanī 4479,Zayn al-Dīn ʿAbd al-Ghanī 4479
Zayn al-Dīn ʿAbd al-Raḥīm 3705,Zayn al-Dīn ʿAbd al-Raḥīm 3705
Zayn al-Dīn ʿAbd al-Raḥīm al-ʿAynī 1389,Zayn al-Dīn ʿAbd al-Raḥīm al-ʿAynī 1389
Zayn al-Dīn ʿInān b. Mughāmis 2338,Zayn al-Dīn ʿInān b. Mughāmis 2338
Zaynab bt. Jarbāsh Qāshiq 555,Zaynab bt. Jarbāsh Qāshiq 555
Zaynab bt. al-Bārizī 4062,Zaynab bt. al-Bārizī 4062
Zaynab bt. Ḥasan b. Khāṣṣ Bak 1239,Zaynab bt. Ḥasan b. Khāṣṣ Bak 1239
Zubayda bt. Ḥijjī 4065,Zubayda bt. Ḥijjī 4065
Zuhayr al-Jankīya 4091,Zuhayr al-Jankīya 4091
Zāda al-Sīrāmī al-Ḥanafī al-Miṣrī 3914,Zāda al-Sīrāmī al-Ḥanafī al-Miṣrī 3914
Zāmil b. Muhannā 1917,Zāmil b. Muhannā 1917
al-Jalāl Muḥammad b. Muzhir 2476,al-Jalāl Muḥammad b. Muzhir 2476
al-Jalāl Muḥammad b. ʾAbi l-Baqāʾ 1393,al-Jalāl Muḥammad b. ʾAbi l-Baqāʾ 1393
al-Majīd 1541,al-Majīd 1541
al-Malik al-Kāmil Shihāb al-Dīn Ghāzī 4274,al-Malik al-Kāmil Shihāb al-Dīn Ghāzī 4274
al-Malik al-Manṣūr Muḥammad 4496,al-Malik al-Manṣūr Muḥammad 4496
al-Malik al-Manṣūr ʾĀnūk 1867,al-Malik al-Manṣūr ʾĀnūk 1867
al-Malik al-Manṣūr ʿAbd al-ʿAzīz  2002,al-Malik al-Manṣūr ʿAbd al-ʿAzīz  2002
al-Malik al-Manṣūr Ḥājjī 2409,al-Malik al-Manṣūr Ḥājjī 2409
al-Malik al-Nāṣir 3272,al-Malik al-Nāṣir 3272
al-Malik al-ʾAshraf ʾAḥmad b. Sulaymān 3010,al-Malik al-ʾAshraf ʾAḥmad b. Sulaymān 3010
al-Malik al-ʿĀdil Sulaymān 3679,al-Malik al-ʿĀdil Sulaymān 3679
al-Malik al-Ṣāliḥ Muḥammad 882,al-Malik al-Ṣāliḥ Muḥammad 882
al-Malik al-Ṣāliḥ ʾAḥmad b. ʾIskandar 4686,al-Malik al-Ṣāliḥ ʾAḥmad b. ʾIskandar 4686
al-Manṣūr ʿAlī b. al-ʾAshraf Shaʿbān 4140,al-Manṣūr ʿAlī b. al-ʾAshraf Shaʿbān 4140
al-Manṣūr ʿUthmān b. Jaqmaq 819,al-Manṣūr ʿUthmān b. Jaqmaq 819
al-Mustakfī bi-llāh 688,al-Mustakfī bi-llāh 688
al-Mustanjid bi-llāh Yūsuf 1097,al-Mustanjid bi-llāh Yūsuf 1097
al-Mustaʿīn bi-llāh 15,al-Mustaʿīn bi-llāh 15
al-Mutawakkil ʿalā Allāh 2294,al-Mutawakkil ʿalā Allāh 2294
al-Muʾayyad Shaykh 12,al-Muʾayyad Shaykh 12
al-Muʾayyad ʾAḥmad b. ʾĪnāl 211,al-Muʾayyad ʾAḥmad b. ʾĪnāl 211
al-Muʾayyadīya 268,al-Muʾayyadīya 268
al-Muʿtaqad ʿAbd Allāh 4448,al-Muʿtaqad ʿAbd Allāh 4448
al-Muʿtaḍid bi-llāh  258,al-Muʿtaḍid bi-llāh  258
al-Muʿtaṣim bi-Llāh 2333,al-Muʿtaṣim bi-Llāh 2333
al-Muẓaffar ʾAhmad b. Muḥammad 3466,al-Muẓaffar ʾAhmad b. Muḥammad 3466
al-Muẓaffar ʾAḥmad b. Shaykh 1364,al-Muẓaffar ʾAḥmad b. Shaykh 1364
al-Naṣīḥ b. ʿUmar 3910,al-Naṣīḥ b. ʿUmar 3910
al-Nāṣir Faraj b. Barqūq 14,al-Nāṣir Faraj b. Barqūq 14
al-Nāṣir Muḥammad b. Qalāwūn 2248,al-Nāṣir Muḥammad b. Qalāwūn 2248
al-Nāṣir ʾAḥmad b. Rasūl 336,al-Nāṣir ʾAḥmad b. Rasūl 336
al-Nāṣir ʾAḥmad b. al-Malik al-Kāmil 3383,al-Nāṣir ʾAḥmad b. al-Malik al-Kāmil 3383
al-Nāṣir Ḥasan 613,al-Nāṣir Ḥasan 613
al-Nāṣirī Muḥammad 1124,al-Nāṣirī Muḥammad 1124
al-Nāṣirī Muḥammad 81,al-Nāṣirī Muḥammad 81
al-Nāṣirī Muḥammad b. Mushtarak 4596,al-Nāṣirī Muḥammad b. Mushtarak 4596
al-Nāṣirī Muḥammad b. al-Thallāj 1146,al-Nāṣirī Muḥammad b. al-Thallāj 1146
al-Nāṣirī Muḥammad b. ʾĪnāl 1152,al-Nāṣirī Muḥammad b. ʾĪnāl 1152
al-Qāʾim bi-ʾAmr Allāh Ḥamza 3031,al-Qāʾim bi-ʾAmr Allāh Ḥamza 3031
al-Sakhāwī 3119,al-Sakhāwī 3119
al-Saʿdī ʾIbrāhīm b. al-Jīʿān 1279,al-Saʿdī ʾIbrāhīm b. al-Jīʿān 1279
al-Shamsī Naṣr Allāh b. al-Wajīh Tūmā  3672,al-Shamsī Naṣr Allāh b. al-Wajīh Tūmā  3672
al-Sharafī Yaḥyā 1542,al-Sharafī Yaḥyā 1542
al-Sharafī Yaḥyā 3330,al-Sharafī Yaḥyā 3330
al-Sharafī Yaḥyā b. al-ʿAlam Shākir 3871,al-Sharafī Yaḥyā b. al-ʿAlam Shākir 3871
al-Shaykh ʾAslam 4684,al-Shaykh ʾAslam 4684
al-Shaykha Maryam 4486,al-Shaykha Maryam 4486
al-Shihābī b. al-ʿAṭṭār 3378,al-Shihābī b. al-ʿAṭṭār 3378
al-Shihābī ʾAḥmad 3064,al-Shihābī ʾAḥmad 3064
al-Shihābī ʾAḥmad 3873,al-Shihābī ʾAḥmad 3873
al-Shihābī ʾAḥmad b. al-Malik al-ʾAshraf Barsbāy al-Duqmāqī al-Ẓāhirī 3728,al-Shihābī ʾAḥmad b. al-Malik al-ʾAshraf Barsbāy al-Duqmāqī al-Ẓāhirī 3728
al-Shihābī ʾAḥmad b. al-ʿAynī 2922,al-Shihābī ʾAḥmad b. al-ʿAynī 2922
al-Wāthiq bi-Llāh ʿUmar 2316,al-Wāthiq bi-Llāh ʿUmar 2316
al-Zaynī ʿAbd al-Qādir 2762,al-Zaynī ʿAbd al-Qādir 2762
al-Zaynī ʿAbd al-Qādir b. al-Jīʿān 3870,al-Zaynī ʿAbd al-Qādir b. al-Jīʿān 3870
al-Zaynī ʿAbd al-Raḥīm 2920,al-Zaynī ʿAbd al-Raḥīm 2920
al-Zaynī ʿUmar b. Qāsim al-Qasāsī 1487,al-Zaynī ʿUmar b. Qāsim al-Qasāsī 1487
al-ʾAshraf 3154,al-ʾAshraf 3154
al-ʾAshraf Barsbāy 24,al-ʾAshraf Barsbāy 24
al-ʾAshraf Qāytbāy  1262,al-ʾAshraf Qāytbāy  1262
al-ʾAshraf Qāytbāy 2290,al-ʾAshraf Qāytbāy 2290
al-ʾAshraf Shaʿbān 994,al-ʾAshraf Shaʿbān 994
al-ʾAshraf ʾĪnāl al-ʾAjrūd 846,al-ʾAshraf ʾĪnāl al-ʾAjrūd 846
al-ʿAzīz Yūsuf b. al-ʾAshraf Barsbāy 8,al-ʿAzīz Yūsuf b. al-ʾAshraf Barsbāy 8
al-ʿIjl Yūsuf b. Nuʿayr 160,al-ʿIjl Yūsuf b. Nuʿayr 160
al-ʿIjl b. Qurqmāsh 2308,al-ʿIjl b. Qurqmāsh 2308
al-Ḥājj ʿUmar 4711,al-Ḥājj ʿUmar 4711
al-Ẓāhir Barqūq 4,al-Ẓāhir Barqūq 4
al-Ẓāhir Jaqmaq 2,al-Ẓāhir Jaqmaq 2
al-Ẓāhir Khushqadam al-Nāṣirī al-Muʾayyadī 861,al-Ẓāhir Khushqadam al-Nāṣirī al-Muʾayyadī 861
al-Ẓāhir Majd al-Dīn ʿĪsā 2421,al-Ẓāhir Majd al-Dīn ʿĪsā 2421
al-Ẓāhir Timurbughā 2289,al-Ẓāhir Timurbughā 2289
al-Ẓāhir Ṭaṭar 441,al-Ẓāhir Ṭaṭar 441
banāt al-Shihābī ʾAḥmad b. al-Malik al-ʾAshraf Barsbāy al-Duqmāqī al-Ẓāhirī 3730,banāt al-Shihābī ʾAḥmad b. al-Malik al-ʾAshraf Barsbāy al-Duqmāqī al-Ẓāhirī 3730
banāt ʾAḥmad b. Thaqaba 4701,banāt ʾAḥmad b. Thaqaba 4701
banāt ʿAbd al-Raḥmān b. Makānis 4230,banāt ʿAbd al-Raḥmān b. Makānis 4230
bint Bahāʾ al-Dīn b. ʿAqīl al-Shāfiʿī 3799,bint Bahāʾ al-Dīn b. ʿAqīl al-Shāfiʿī 3799
bint Fasilīs* 395,bint Fasilīs* 395
bint Jarbāsh Kabbāsha 4119,bint Jarbāsh Kabbāsha 4119
bint Manjak al-Yūsufī 4492,bint Manjak al-Yūsufī 4492
bint Shaykh al-Ṣafawī 2928,bint Shaykh al-Ṣafawī 2928
bint Sūdūn Buqja 4296,bint Sūdūn Buqja 4296
bint Yashbak al-ʾAʿraj 3784,bint Yashbak al-ʾAʿraj 3784
bint ʾAḥmad b. Ramaḍān 3639,bint ʾAḥmad b. Ramaḍān 3639
dhawū ʿAbd al-Raḥmān al-Dīrī 4244,dhawū ʿAbd al-Raḥmān al-Dīrī 4244
dhawū ʿAlī Bāy al-ʾAshrafī 4399,dhawū ʿAlī Bāy al-ʾAshrafī 4399
dhurrīyat Tīmūr Lank 2716,dhurrīyat Tīmūr Lank 2716
dhurrīyat al-Muqawqis 4219,dhurrīyat al-Muqawqis 4219
dhurrīyat al-Nāṣir Muḥammad b. Qalāwūn 2945,dhurrīyat al-Nāṣir Muḥammad b. Qalāwūn 2945
ibnat Jarbāsh Kurt al-Muḥammadī 2473,ibnat Jarbāsh Kurt al-Muḥammadī 2473
ibnat Qarā Yūsuf b. Qarā Muḥammad 4688,ibnat Qarā Yūsuf b. Qarā Muḥammad 4688
ibnat al-ʾAshraf ʾĪnāl 963,ibnat al-ʾAshraf ʾĪnāl 963
ibnat al-Ẓāhir Majd al-Dīn ʿīsā 4687,ibnat al-Ẓāhir Majd al-Dīn ʿīsā 4687
ibnat ʾimraʾat Ḥusayn 1037,ibnat ʾimraʾat Ḥusayn 1037
ikhwat Jarbāsh al-Ẓāhirī 4122,ikhwat Jarbāsh al-Ẓāhirī 4122
ikhwat ʾAbu l-Khayr al-Naḥḥās 4665,ikhwat ʾAbu l-Khayr al-Naḥḥās 4665
ikhwat ʿAlī Bāy al-ʾAshrafī 4398,ikhwat ʿAlī Bāy al-ʾAshrafī 4398
jadd ʿAlī al-Kharrūbī 4367,jadd ʿAlī al-Kharrūbī 4367
jidda Sūdūn al-Ẓāhirī 4288,jidda Sūdūn al-Ẓāhirī 4288
jāriyat Khalīl b. al-Nāṣir Faraj 4033,jāriyat Khalīl b. al-Nāṣir Faraj 4033
jārīya sulṭān (Shaykh) 936,jārīya sulṭān (Shaykh) 936
nisāʾ ʾIskandar b. Qarā Yūsuf 764,nisāʾ ʾIskandar b. Qarā Yūsuf 764
qarīb Jarbāsh al-Karīmī 1463,qarīb Jarbāsh al-Karīmī 1463
qarīb Saʿd al-Dīn Faraj b. al-Naḥḥāl 3656,qarīb Saʿd al-Dīn Faraj b. al-Naḥḥāl 3656
qarīb Walī al-Dīn b. Qāsim 3143,qarīb Walī al-Dīn b. Qāsim 3143
qarīb ʿAbd al-Karīm 3948,qarīb ʿAbd al-Karīm 3948
sarārī a-Ẓāhir Khushqadam 3286,sarārī a-Ẓāhir Khushqadam 3286
unknown 0,unknown 0
walad Jantamur 3093,walad Jantamur 3093
walad Jarbāsh Kabbāsha 4120,walad Jarbāsh Kabbāsha 4120
walad Jānibak al-Dawādār 1631,walad Jānibak al-Dawādār 1631
walad Maḥmūd b. Qarā Yuluk 3554,walad Maḥmūd b. Qarā Yuluk 3554
walad Muḥammad Bak b. Dulghādir (2) 763,walad Muḥammad Bak b. Dulghādir (2) 763
walad Muḥammad Bak b. Dulghādir (3) 767,walad Muḥammad Bak b. Dulghādir (3) 767
walad Muḥammad Bak b. Dulghādir 676,walad Muḥammad Bak b. Dulghādir 676
walad Muḥammad al-Salākhūrī (1) 923,walad Muḥammad al-Salākhūrī (1) 923
walad Muḥammad al-Salākhūrī (2) 925,walad Muḥammad al-Salākhūrī (2) 925
walad Shāh Rukh 3658,walad Shāh Rukh 3658
walad Yaghmūr b. Bahādur 330,walad Yaghmūr b. Bahādur 330
walad dhakar al-Ẓāhir Khushqadam 3287,walad dhakar al-Ẓāhir Khushqadam 3287
walad Ḥasan ibn Bākīsh 3182,walad Ḥasan ibn Bākīsh 3182
walad Ṭawkh 199,walad Ṭawkh 199
waladā Dawlāt Bāy al-Muʾayyadī 3577,waladā Dawlāt Bāy al-Muʾayyadī 3577
wālida Jaqmaq al-ʾArgūn Shāwī 4123,wālida Jaqmaq al-ʾArgūn Shāwī 4123
wālida Julbān al-Hindī 4127,wālida Julbān al-Hindī 4127
wālida Taqī al-Dīn al-Fāsī 4461,wālida Taqī al-Dīn al-Fāsī 4461
wālida al-Turkmānī 4107,wālida al-Turkmānī 4107
wālī ʿArab 1588,wālī ʿArab 1588
zawj ʾibnat Ibn al-ʿAjamī 1580,zawj ʾibnat Ibn al-ʿAjamī 1580
zawja Najm al-Dīn ʿUmar b. Ḥajjī 4396,zawja Najm al-Dīn ʿUmar b. Ḥajjī 4396
zawja Salīm al-Jinnānī al-Muʿtaqad 4280,zawja Salīm al-Jinnānī al-Muʿtaqad 4280
zawja Saʿd al-Dīn b. Ghurrāb 91,zawja Saʿd al-Dīn b. Ghurrāb 91
zawjat Kamāl al-Dīn b. al-Bārizī 1519,zawjat Kamāl al-Dīn b. al-Bārizī 1519
zawjat Khalīl al-Darbandīya 3405,zawjat Khalīl al-Darbandīya 3405
zawjat Mawlāya Fāris 3646,zawjat Mawlāya Fāris 3646
zawjat Qānī Bāy al-Jarkasī 2505,zawjat Qānī Bāy al-Jarkasī 2505
zawjat Qānī Bāy al-Ḥamzāwī 1654,zawjat Qānī Bāy al-Ḥamzāwī 1654
zawjat Raḥab al-Tājir 1552,zawjat Raḥab al-Tājir 1552
zawjat al-Malik al-Ẓāhir Timurbughā 3613,zawjat al-Malik al-Ẓāhir Timurbughā 3613
zawjat al-ʾAshraf ʾĪnāl 1115,zawjat al-ʾAshraf ʾĪnāl 1115
zawjat wālid Julbān al-Hindī 4128,zawjat wālid Julbān al-Hindī 4128
zawjat ʾAydakay* 653,zawjat ʾAydakay* 653
zawjat ʾIsfandiyār 4077,zawjat ʾIsfandiyār 4077
zawjat ʾIskandar b. Qarā Yūsuf 3407,zawjat ʾIskandar b. Qarā Yūsuf 3407
zawjat Ḥasan b. Muḥibb al-Dīn 514,zawjat Ḥasan b. Muḥibb al-Dīn 514
zawjāt  ʿAbd al-Karīm b. Kātib al-Manākh 4259,zawjāt  ʿAbd al-Karīm b. Kātib al-Manākh 4259
zawjāt al-Ẓāhir Barqūq 3966,zawjāt al-Ẓāhir Barqūq 3966
ʾAbi l-Baqāʾ Muḥammad 4715,ʾAbi l-Baqāʾ Muḥammad 4715
ʾAbrak al-Jakamī 2919,ʾAbrak al-Jakamī 2919
ʾAbu l-Fataḥ Muḥammad b. Wafā 4705,ʾAbu l-Fataḥ Muḥammad b. Wafā 4705
ʾAbu l-Fatḥ 3147,ʾAbu l-Fatḥ 3147
ʾAbu l-Faḍl Muḥammad 4717,ʾAbu l-Faḍl Muḥammad 4717
ʾAbu l-Faḍl ʿAbd al-Raḥmān b. Wafā 4693,ʾAbu l-Faḍl ʿAbd al-Raḥmān b. Wafā 4693
ʾAbu l-Jūd Ḥasan b. Wafā 4719,ʾAbu l-Jūd Ḥasan b. Wafā 4719
ʾAbu l-Khayr al-Naḥḥās 1168,ʾAbu l-Khayr al-Naḥḥās 1168
ʾAbu l-Makārim ʾIbrāhīm 4718,ʾAbu l-Makārim ʾIbrāhīm 4718
ʾAbu l-Qāsim b. Ḥasan b. ʿAjlān 736,ʾAbu l-Qāsim b. Ḥasan b. ʿAjlān 736
ʾAbu l-Siyādāt Yaḥyā b. Wafā 3680,ʾAbu l-Siyādāt Yaḥyā b. Wafā 3680
ʾAbu l-Suʿādāt b. Ẓuhayra 1119,ʾAbu l-Suʿādāt b. Ẓuhayra 1119
ʾAbu-l Biqāʾ b. al-Bārizī 4058,ʾAbu-l Biqāʾ b. al-Bārizī 4058
ʾAbū Bakr 377,ʾAbū Bakr 377
ʾAbū Bakr 4539,ʾAbū Bakr 4539
ʾAbū Bakr al-Muṣāriʿ 3686,ʾAbū Bakr al-Muṣāriʿ 3686
ʾAbū Bakr al-ʾAshqar 89,ʾAbū Bakr al-ʾAshqar 89
ʾAbū Bakr b. Muḥammad 4370,ʾAbū Bakr b. Muḥammad 4370
ʾAbū Bakr b. Sunqur 1799,ʾAbū Bakr b. Sunqur 1799
ʾAbū Bakr b. al-ʾAshraf Shaʿbān 2101,ʾAbū Bakr b. al-ʾAshraf Shaʿbān 2101
ʾAbū Bakr b. ʿAlī 2597,ʾAbū Bakr b. ʿAlī 2597
ʾAbū Burhān al-Dīn ʾAḥmad 4725,ʾAbū Burhān al-Dīn ʾAḥmad 4725
ʾAbū Fāris ʿAbd al-ʿAzīz 1256,ʾAbū Fāris ʿAbd al-ʿAzīz 1256
ʾAbū Hurayra b. al-Naqqāsh 59,ʾAbū Hurayra b. al-Naqqāsh 59
ʾAbū Lisān al-Dīn 3311,ʾAbū Lisān al-Dīn 3311
ʾAbū Sharaf al-Dīn al-ʾAnṣārī 4603,ʾAbū Sharaf al-Dīn al-ʾAnṣārī 4603
ʾAbū Shihāb al-Dīn b. al-Burhān 4728,ʾAbū Shihāb al-Dīn b. al-Burhān 4728
ʾAbū Taghrī Birmish al-Jalīlī 4108,ʾAbū Taghrī Birmish al-Jalīlī 4108
ʾAbū Taqī al-Dīn ʿAbd al-Raḥmān Muḥammad 4240,ʾAbū Taqī al-Dīn ʿAbd al-Raḥmān Muḥammad 4240
ʾAbū Yalkhujā min Māmish 4648,ʾAbū Yalkhujā min Māmish 4648
ʾAbū Yazīd 3746,ʾAbū Yazīd 3746
ʾAbū Yazīd al-Khāzin 1738,ʾAbū Yazīd al-Khāzin 1738
ʾAbū Yazīd b. Murād b. ʿUthmān 1248,ʾAbū Yazīd b. Murād b. ʿUthmān 1248
ʾAbū Yazīd b. Qarā Yulūk 444,ʾAbū Yazīd b. Qarā Yulūk 444
ʾAbū Yūsuf al-Karakī 1094,ʾAbū Yūsuf al-Karakī 1094
ʾAbū l-Faḍl Muḥammad 3749,ʾAbū l-Faḍl Muḥammad 3749
ʾAbū ʾAḥmad 3877,ʾAbū ʾAḥmad 3877
ʾAbū ʾAḥmad b. Kundughdī 4713,ʾAbū ʾAḥmad b. Kundughdī 4713
ʾAbū ʾAḥmad b. al-Saffāḥ  3700,ʾAbū ʾAḥmad b. al-Saffāḥ  3700
ʾAbū ʿAbd Allāh Muḥammad 1257,ʾAbū ʿAbd Allāh Muḥammad 1257
ʾAbū ʿAbd al-Raḥmān Muḥammad 4234,ʾAbū ʿAbd al-Raḥmān Muḥammad 4234
ʾAbū ʿAlī al-Kharrūbī 4366,ʾAbū ʿAlī al-Kharrūbī 4366
ʾAbū Ḥāmid 3742,ʾAbū Ḥāmid 3742
ʾAkh Ibn Qāsim 3455,ʾAkh Ibn Qāsim 3455
ʾAkh Khalīl al-Hadhbānī 3508,ʾAkh Khalīl al-Hadhbānī 3508
ʾAkh ʾAḥmad b. Nuʿayr 472,ʾAkh ʾAḥmad b. Nuʿayr 472
ʾAkhwāl Nāṣir al-Dīn b. al-Bārizī 4546,ʾAkhwāl Nāṣir al-Dīn b. al-Bārizī 4546
ʾAkhū Damurdāsh 4156,ʾAkhū Damurdāsh 4156
ʾAkhū Sirāj al-Dīn ʿUmar al-Bulqīnī 4176,ʾAkhū Sirāj al-Dīn ʿUmar al-Bulqīnī 4176
ʾAkhū Taqī al-Dīn al-Kirmānī 4625,ʾAkhū Taqī al-Dīn al-Kirmānī 4625
ʾAkhū ʿAlāʾ al-Dīn al-Mughallī 4387,ʾAkhū ʿAlāʾ al-Dīn al-Mughallī 4387
ʾAkhū ʿAlī al-Nāṭiq 4349,ʾAkhū ʿAlī al-Nāṭiq 4349
ʾAkmal al-Dīn al-Bābartī 2311,ʾAkmal al-Dīn al-Bābartī 2311
ʾAlṭunbughā al-Qurmushī 221,ʾAlṭunbughā al-Qurmushī 221
ʾAlṭunbughā al-ʾAshrafī al-Ḥalabī 1747,ʾAlṭunbughā al-ʾAshrafī al-Ḥalabī 1747
ʾAmyān b. al-Ḥusaynī 1041,ʾAmyān b. al-Ḥusaynī 1041
ʾAmīn al-Dīn ʿAbd Allāh b. Mūsā 4208,ʾAmīn al-Dīn ʿAbd Allāh b. Mūsā 4208
ʾAmīr Ḥājj b. Mughulṭāy 1771,ʾAmīr Ḥājj b. Mughulṭāy 1771
ʾAmīrzah b. Mirān Shāh 3544,ʾAmīrzah b. Mirān Shāh 3544
ʾAmīrzah b. Shāh ʾAḥmad b. Qarā Yūsuf 3848,ʾAmīrzah b. Shāh ʾAḥmad b. Qarā Yūsuf 3848
ʾAmīrzah b. Ḥasan Bak b. Sālim al-Dūkārī 2960,ʾAmīrzah b. Ḥasan Bak b. Sālim al-Dūkārī 2960
ʾAmīrzāh ʾIbrahīm b. Shāh Rukh 3685,ʾAmīrzāh ʾIbrahīm b. Shāh Rukh 3685
ʾAnaṣ 2384,ʾAnaṣ 2384
ʾAqūsh al-ʾAshrafī Nāʾib al-Karak 4212,ʾAqūsh al-ʾAshrafī Nāʾib al-Karak 4212
ʾArdbāy* al-Jārkasīya 1515,ʾArdbāy* al-Jārkasīya 1515
ʾArdu 3970,ʾArdu 3970
ʾArghūn Shāh al-Baydamurī 1779,ʾArghūn Shāh al-Baydamurī 1779
ʾArkhun Bak 3511,ʾArkhun Bak 3511
ʾAsanbughā al-Ṭayyārī 73,ʾAsanbughā al-Ṭayyārī 73
ʾAslamās b. Kubuk 3393,ʾAslamās b. Kubuk 3393
ʾAwlād Nūr al-Dīn al-Ṭanbadhī 4386,ʾAwlād Nūr al-Dīn al-Ṭanbadhī 4386
ʾAwlād al-Malik al-Manṣūr Muḥammad 4498,ʾAwlād al-Malik al-Manṣūr Muḥammad 4498
ʾAwlād ʿAbd al-Wahhāb al-Fawwī 4264,ʾAwlād ʿAbd al-Wahhāb al-Fawwī 4264
ʾAwḥad al-Dīn ʿAbd al-Wāḥid 4262,ʾAwḥad al-Dīn ʿAbd al-Wāḥid 4262
ʾAydakay* 654,ʾAydakay* 654
ʾAydamur al-Khiṭāʾī 1676,ʾAydamur al-Khiṭāʾī 1676
ʾAydamur al-dawādār 2889,ʾAydamur al-dawādār 2889
ʾAytmish al-Bajāsī 1778,ʾAytmish al-Bajāsī 1778
ʾAḥmad 1381,ʾAḥmad 1381
ʾAḥmad 456,ʾAḥmad 456
ʾAḥmad Jūkī b. Shāh Rukh 142,ʾAḥmad Jūkī b. Shāh Rukh 142
ʾAḥmad Mawlānā Zāda 4162,ʾAḥmad Mawlānā Zāda 4162
ʾAḥmad al-Jundī  1473,ʾAḥmad al-Jundī  1473
ʾAḥmad al-Makkī al-Nuwayrī 4184,ʾAḥmad al-Makkī al-Nuwayrī 4184
ʾAḥmad al-Maqrīzī 2494,ʾAḥmad al-Maqrīzī 2494
ʾAḥmad al-Tatāʾī al-ʾAnṣārī al-Shāfiʿī 4006,ʾAḥmad al-Tatāʾī al-ʾAnṣārī al-Shāfiʿī 4006
ʾAḥmad al-Ṭabarī 4348,ʾAḥmad al-Ṭabarī 4348
ʾAḥmad b. Aḥmad b. ʾIskandar 4690,ʾAḥmad b. Aḥmad b. ʾIskandar 4690
ʾAḥmad b. Baktamur 4182,ʾAḥmad b. Baktamur 4182
ʾAḥmad b. Fakhr al-Dīn 1607,ʾAḥmad b. Fakhr al-Dīn 1607
ʾAḥmad b. Faraj b. ʾUzdamur 1317,ʾAḥmad b. Faraj b. ʾUzdamur 1317
ʾAḥmad b. Kundughdī 4712,ʾAḥmad b. Kundughdī 4712
ʾAḥmad b. Kātib Jakam 4063,ʾAḥmad b. Kātib Jakam 4063
ʾAḥmad b. Muzhir 2385,ʾAḥmad b. Muzhir 2385
ʾAḥmad b. Muḥammad al-Bīrī 4644,ʾAḥmad b. Muḥammad al-Bīrī 4644
ʾAḥmad b. Muḥibb al-Dīn al-ʾAshqar 2574,ʾAḥmad b. Muḥibb al-Dīn al-ʾAshqar 2574
ʾAḥmad b. Nawrūz al-Khuḍarī 1185,ʾAḥmad b. Nawrūz al-Khuḍarī 1185
ʾAḥmad b. Nuʿayr 471,ʾAḥmad b. Nuʿayr 471
ʾAḥmad b. Quṭayna 2379,ʾAḥmad b. Quṭayna 2379
ʾAḥmad b. Ramaḍān al-Turkumānī 392,ʾAḥmad b. Ramaḍān al-Turkumānī 392
ʾAḥmad b. Saʿīd al-Ṣaghānī 4189,ʾAḥmad b. Saʿīd al-Ṣaghānī 4189
ʾAḥmad b. Shams al-Dīn al-Qāyātī 1297,ʾAḥmad b. Shams al-Dīn al-Qāyātī 1297
ʾAḥmad b. Tanam 435,ʾAḥmad b. Tanam 435
ʾAḥmad b. Thaqaba 4469,ʾAḥmad b. Thaqaba 4469
ʾAḥmad b. Tāj al -Dīn al-Bulqīnī 4523,ʾAḥmad b. Tāj al -Dīn al-Bulqīnī 4523
ʾAḥmad b. Wafā al-Shādhilī 4382,ʾAḥmad b. Wafā al-Shādhilī 4382
ʾAḥmad b. Yalbughā al-ʿUmarī 1781,ʾAḥmad b. Yalbughā al-ʿUmarī 1781
ʾAḥmad b. al-Bārizī 2495,ʾAḥmad b. al-Bārizī 2495
ʾAḥmad b. al-Mihmandār 1848,ʾAḥmad b. al-Mihmandār 1848
ʾAḥmad b. al-Saffāḥ 2669,ʾAḥmad b. al-Saffāḥ 2669
ʾAḥmad b. al-Sulṭān Ḥasan 1694,ʾAḥmad b. al-Sulṭān Ḥasan 1694
ʾAḥmad b. al-ʿAjamī 61,ʾAḥmad b. al-ʿAjamī 61
ʾAḥmad b. al-ʿAṭṭār 4478,ʾAḥmad b. al-ʿAṭṭār 4478
ʾAḥmad b. ʾAbī Bakr b. Muḥammad 4371,ʾAḥmad b. ʾAbī Bakr b. Muḥammad 4371
ʾAḥmad b. ʾIsmāʿīl al-Hawwārī 1460,ʾAḥmad b. ʾIsmāʿīl al-Hawwārī 1460
ʾAḥmad b. ʿAjlān 2800,ʾAḥmad b. ʿAjlān 2800
ʾAḥmad b. ʿAlī b. ʾĪnāl al-Yūsufī 693,ʾAḥmad b. ʿAlī b. ʾĪnāl al-Yūsufī 693
ʾAḥmad b. Ḥajjī al-Saʿdī 2357,ʾAḥmad b. Ḥajjī al-Saʿdī 2357
ʾAḥmad b. Ḥasan b. ʿAjlān 1598,ʾAḥmad b. Ḥasan b. ʿAjlān 1598
ʾAḥmad b. Ṣawjī * 368,ʾAḥmad b. Ṣawjī * 368
ʾAḥmad b. Ṭūlūn 3829,ʾAḥmad b. Ṭūlūn 3829
ʾAḥmad b. Ẓuhayra 4704,ʾAḥmad b. Ẓuhayra 4704
ʾAḥmad b. Ẓuhayra 4706,ʾAḥmad b. Ẓuhayra 4706
ʾAḥmad ibn al-Sāʾis 2244,ʾAḥmad ibn al-Sāʾis 2244
ʾAḥmad ibn ʿUmar ibn Qilīj al-Turkī 1700,ʾAḥmad ibn ʿUmar ibn Qilīj al-Turkī 1700
ʾAṣbahān b. Qarā Yūsuf * 541,ʾAṣbahān b. Qarā Yūsuf * 541
ʾAṣlān b. Sulaymān b. Nāṣir al-Dīn b. Dulghādir 3347,ʾAṣlān b. Sulaymān b. Nāṣir al-Dīn b. Dulghādir 3347
ʾAṣīl* 4129,ʾAṣīl* 4129
ʾIbrāhīm al-Manūfī 4447,ʾIbrāhīm al-Manūfī 4447
ʾIbrāhīm b Muḥibb al-Dīn b. al-ʾAshqar  1465,ʾIbrāhīm b Muḥibb al-Dīn b. al-ʾAshqar  1465
ʾIbrāhīm b. Barqūq 4249,ʾIbrāhīm b. Barqūq 4249
ʾIbrāhīm b. Bayghūt 2264,ʾIbrāhīm b. Bayghūt 2264
ʾIbrāhīm b. Kātib Jakam 2552,ʾIbrāhīm b. Kātib Jakam 2552
ʾIbrāhīm b. Qaramān 1150,ʾIbrāhīm b. Qaramān 1150
ʾIbrāhīm b. Qurmush  4151,ʾIbrāhīm b. Qurmush  4151
ʾIbrāhīm b. Quṭluqtamur al-ʿAlāʾī 1702,ʾIbrāhīm b. Quṭluqtamur al-ʿAlāʾī 1702
ʾIbrāhīm b. Ramaḍān 393,ʾIbrāhīm b. Ramaḍān 393
ʾIbrāhīm b. Shaykh 813,ʾIbrāhīm b. Shaykh 813
ʾIbrāhīm b. Taghrī Birdī 2748,ʾIbrāhīm b. Taghrī Birdī 2748
ʾIbrāhīm b. al-Bāʿūnī 98,ʾIbrāhīm b. al-Bāʿūnī 98
ʾIbrāhīm b. al-Hayṣam 321,ʾIbrāhīm b. al-Hayṣam 321
ʾIbrāhīm b. al-Muʾayyad Shaykh 217,ʾIbrāhīm b. al-Muʾayyad Shaykh 217
ʾIbrāhīm b. al-Nāṣir Faraj 714,ʾIbrāhīm b. al-Nāṣir Faraj 714
ʾIbrāhīm b. al-Ḥusām 1340,ʾIbrāhīm b. al-Ḥusām 1340
ʾIbrāhīm b. ʾAḥmad b. Ramaḍān al-Turkumānī 1846,ʾIbrāhīm b. ʾAḥmad b. Ramaḍān al-Turkumānī 1846
ʾIbrāhīm b. ʿAdnān 4319,ʾIbrāhīm b. ʿAdnān 4319
ʾIbrāhīm b. Ḥasan b. ʿAjlān 735,ʾIbrāhīm b. Ḥasan b. ʿAjlān 735
ʾIbrāhīm b. Ṣawjī * 359,ʾIbrāhīm b. Ṣawjī * 359
ʾIbrāhīm bn. Barqūq 4071,ʾIbrāhīm bn. Barqūq 4071
ʾIbrāhīm ibn Birdibak al-Bajmaqdār 3219,ʾIbrāhīm ibn Birdibak al-Bajmaqdār 3219
ʾIkhwa Sharaf al-Dīn al-ʾAnṣārī 4602,ʾIkhwa Sharaf al-Dīn al-ʾAnṣārī 4602
ʾIndrās b. ʾIsḥaq 2695,ʾIndrās b. ʾIsḥaq 2695
ʾIsbahān 3052,ʾIsbahān 3052
ʾIsfandiyār b. ʾAbī Yazīd 3392,ʾIsfandiyār b. ʾAbī Yazīd 3392
ʾIskandar b. Qarā Yūsuf 141,ʾIskandar b. Qarā Yūsuf 141
ʾIsmāʿīl al-Bāʿūnī 3878,ʾIsmāʿīl al-Bāʿūnī 3878
ʾIsmāʿīl b. Taghrī Birdī 2749,ʾIsmāʿīl b. Taghrī Birdī 2749
ʾIsmāʿīl b. al-Ẓāhir ʿAbd Allāh 167,ʾIsmāʿīl b. al-Ẓāhir ʿAbd Allāh 167
ʾIsmāʿīl b. ʿUmar al-Hawwārī 576,ʾIsmāʿīl b. ʿUmar al-Hawwārī 576
ʾIsmā‘īl b. al-Malik al-ʾAshraf Shaʿbān 2080,ʾIsmā‘īl b. al-Malik al-ʾAshraf Shaʿbān 2080
ʾIsḥāq b. Dāwud 1143,ʾIsḥāq b. Dāwud 1143
ʾIsḥāq b. ʾIbrāhīm b. Qaramān 3752,ʾIsḥāq b. ʾIbrāhīm b. Qaramān 3752
ʾIyās al-Muḥammadī al-Nāṣirī 985,ʾIyās al-Muḥammadī al-Nāṣirī 985
ʾIṣbahān b. Qarā Yūsuf 2684,ʾIṣbahān b. Qarā Yūsuf 2684
ʾUkht Baybars 4130,ʾUkht Baybars 4130
ʾUkht Faraj b. Taghrī Birmish al-Zardkāsh 4195,ʾUkht Faraj b. Taghrī Birmish al-Zardkāsh 4195
ʾUkht Jamāl al-Dīn ʿAbd al-Raḥīm al-ʾIsnawī 4256,ʾUkht Jamāl al-Dīn ʿAbd al-Raḥīm al-ʾIsnawī 4256
ʾUkht Khalīl b. Shāhīn al-Shaykhī 4150,ʾUkht Khalīl b. Shāhīn al-Shaykhī 4150
ʾUkht Mughul  4292,ʾUkht Mughul  4292
ʾUkht Muḥammad b. al-Ṭūlūnī 4483,ʾUkht Muḥammad b. al-Ṭūlūnī 4483
ʾUkht Shams al-Dīn ʿAbd Allāh b. Bahlūl 4645,ʾUkht Shams al-Dīn ʿAbd Allāh b. Bahlūl 4645
ʾUkht al-Malik al-ʾAshraf Shaʿbān b. Ḥusayn 4245,ʾUkht al-Malik al-ʾAshraf Shaʿbān b. Ḥusayn 4245
ʾUkht al-Nāṣir Faraj 4084,ʾUkht al-Nāṣir Faraj 4084
ʾUljāy al-Yūsufī 1004,ʾUljāy al-Yūsufī 1004
ʾUlūgh Bak b. Shāh Rukh 694,ʾUlūgh Bak b. Shāh Rukh 694
ʾUmm Bayram 4103,ʾUmm Bayram 4103
ʾUmm Faraj b. ʾUzdamur 4631,ʾUmm Faraj b. ʾUzdamur 4631
ʾUmm Fāṭima (1502) 1612,ʾUmm Fāṭima (1502) 1612
ʾUmm Fāṭima 4102,ʾUmm Fāṭima 4102
ʾUmm Jahān Kīr 3026,ʾUmm Jahān Kīr 3026
ʾUmm Kāmil 3909,ʾUmm Kāmil 3909
ʾUmm Muwaffaq al-Dīn ʾAḥmad 4610,ʾUmm Muwaffaq al-Dīn ʾAḥmad 4610
ʾUmm Muḥammad (1503) 1613,ʾUmm Muḥammad (1503) 1613
ʾUmm Muḥammad (1522) 1614,ʾUmm Muḥammad (1522) 1614
ʾUmm Muḥammad 1498 1499,ʾUmm Muḥammad 1498 1499
ʾUmm Muḥammad b. Taghrī Birdī 4098,ʾUmm Muḥammad b. Taghrī Birdī 4098
ʾUmm Muḥammad b. al-Ṭāzī 4545,ʾUmm Muḥammad b. al-Ṭāzī 4545
ʾUmm Qāsim b. Taghrī Birdī 4095,ʾUmm Qāsim b. Taghrī Birdī 4095
ʾUmm Sirāj al-Dīn ʿUmar 4403,ʾUmm Sirāj al-Dīn ʿUmar 4403
ʾUmm Sulaymān b. ʾArkhun Bak 3512,ʾUmm Sulaymān b. ʾArkhun Bak 3512
ʾUmm Taghrī Birdī Sayyidī al-Ṣaghīr 4105,ʾUmm Taghrī Birdī Sayyidī al-Ṣaghīr 4105
ʾUmm Yalkhujā min Māmish 4647,ʾUmm Yalkhujā min Māmish 4647
ʾUmm Yashbak ʾĀnālī 4634,ʾUmm Yashbak ʾĀnālī 4634
ʾUmm Yūsuf b. Taghrī Birdī 4100,ʾUmm Yūsuf b. Taghrī Birdī 4100
ʾUmm al-Ṣāliḥ Muḥammad 887,ʾUmm al-Ṣāliḥ Muḥammad 887
ʾUmm ibn al-Ẓāhir Khushqadam 2933,ʾUmm ibn al-Ẓāhir Khushqadam 2933
ʾUmm ʾIbrāhīm b. Taghrī Birdi 4097,ʾUmm ʾIbrāhīm b. Taghrī Birdi 4097
ʾUmm ʾIsmāʿīl b. Taghrī Birdī 4099,ʾUmm ʾIsmāʿīl b. Taghrī Birdī 4099
ʾUmm ʿAbd al-Karīm b. Kātib al-Manākh 4248,ʾUmm ʿAbd al-Karīm b. Kātib al-Manākh 4248
ʾUmm ʿAbd al-Razzāq b. Kātib al-Manākh 4247,ʾUmm ʿAbd al-Razzāq b. Kātib al-Manākh 4247
ʾUmm ʿAbd al-Raḥmān al-Tafhanī 4232,ʾUmm ʿAbd al-Raḥmān al-Tafhanī 4232
ʾUmm ʿAbd al-Raḥmān b. Shams al-Dīn Muḥammad  3753,ʾUmm ʿAbd al-Raḥmān b. Shams al-Dīn Muḥammad  3753
ʾUmm Ḥamza b. Taghrī Birdī 4096,ʾUmm Ḥamza b. Taghrī Birdī 4096
ʾUrkmās al-Jāmūs 540,ʾUrkmās al-Jāmūs 540
ʾUrkmās al-Ẓāhirī al-Dawādār 30,ʾUrkmās al-Ẓāhirī al-Dawādār 30
ʾUrunbughā al-Nāṣirī 539,ʾUrunbughā al-Nāṣirī 539
ʾUruz* 4132,ʾUruz* 4132
ʾUzbak al-Ẓāhīrī al-Dawādār 914,ʾUzbak al-Ẓāhīrī al-Dawādār 914
ʾUzbak min Ṭuṭukh al-Sāqī 876,ʾUzbak min Ṭuṭukh al-Sāqī 876
ʾUzdamur ʾAkhū ʾĪnāl al-Yūsufī 1856,ʾUzdamur ʾAkhū ʾĪnāl al-Yūsufī 1856
ʾabū Shams al-Dīn b. Muḥammad 3842,ʾabū Shams al-Dīn b. Muḥammad 3842
ʾabū Sulaymān al-Ḥusaynī 2368,ʾabū Sulaymān al-Ḥusaynī 2368
ʾabū al-Sharafī Yaḥyā b. al-ʿAlam Shākir 3872,ʾabū al-Sharafī Yaḥyā b. al-ʿAlam Shākir 3872
ʾahl Jamāl al-Dīn Yūsuf al-ʾUstādār 4649,ʾahl Jamāl al-Dīn Yūsuf al-ʾUstādār 4649
ʾakh Barakāt b. ʿAjlān 841,ʾakh Barakāt b. ʿAjlān 841
ʾakh Muḥibb al-Dīn ʾAḥmad al-Baghdādī 3972,ʾakh Muḥibb al-Dīn ʾAḥmad al-Baghdādī 3972
ʾakh ʾĪnāl al-Ẓāhirī 3858,ʾakh ʾĪnāl al-Ẓāhirī 3858
ʾakhu l-Ẓāhir Jaqmaq 1579,ʾakhu l-Ẓāhir Jaqmaq 1579
ʾaqārib Jamāl al-Dīn Yūsuf al-ʾUstādār 4650,ʾaqārib Jamāl al-Dīn Yūsuf al-ʾUstādār 4650
ʾaqārib Jamāl al-Dīn b. al-ʿAdīm 4682,ʾaqārib Jamāl al-Dīn b. al-ʿAdīm 4682
ʾaqārib Saʿd al-Dīn al-Dīrī 4169,ʾaqārib Saʿd al-Dīn al-Dīrī 4169
ʾaqārib Yaḥyā b. al-Mustaʿīn bi-llāh 4619,ʾaqārib Yaḥyā b. al-Mustaʿīn bi-llāh 4619
ʾaqārib ʾIsmāʿīl al-Hawwārī 1219,ʾaqārib ʾIsmāʿīl al-Hawwārī 1219
ʾaqārib ʿAlī b. al-Ṭablāwī 4356,ʾaqārib ʿAlī b. al-Ṭablāwī 4356
ʾawlād Bakkār b. Raḥḥāb 3515,ʾawlād Bakkār b. Raḥḥāb 3515
ʾawlād Bāy Sunqur b. Shāh Rukh 1260,ʾawlād Bāy Sunqur b. Shāh Rukh 1260
ʾawlād Jamāl al-Dīn Maḥmūd al-Qayṣarī 4591,ʾawlād Jamāl al-Dīn Maḥmūd al-Qayṣarī 4591
ʾawlād Jamāl al-Dīn Yūsuf al-ʾUstādār 4652,ʾawlād Jamāl al-Dīn Yūsuf al-ʾUstādār 4652
ʾawlād Jānim al-ʾAshrafī 2406,ʾawlād Jānim al-ʾAshrafī 2406
ʾawlād Kamāl al-Dīn al-Damīrī 4576,ʾawlād Kamāl al-Dīn al-Damīrī 4576
ʾawlād Kamāl al-Dīn b. Ẓuhayra 4567,ʾawlād Kamāl al-Dīn b. Ẓuhayra 4567
ʾawlād Manjak al-Yūsufī 3950,ʾawlād Manjak al-Yūsufī 3950
ʾawlād Muḥammad al-Ghumārī 4584,ʾawlād Muḥammad al-Ghumārī 4584
ʾawlād Muḥammad b. Dulghādir 3469,ʾawlād Muḥammad b. Dulghādir 3469
ʾawlād Muḥammad b. ʿAlī b. Shaʿbān 4540,ʾawlād Muḥammad b. ʿAlī b. Shaʿbān 4540
ʾawlād Mūsā b. Yūsuf al-Karakī 3951,ʾawlād Mūsā b. Yūsuf al-Karakī 3951
ʾawlād Salīm al-Jinnānī al-Muʿtaqad 4279,ʾawlād Salīm al-Jinnānī al-Muʿtaqad 4279
ʾawlād Shah Rukh 680,ʾawlād Shah Rukh 680
ʾawlād Shāh Zādah bint Ibn ʿUthmān 4040,ʾawlād Shāh Zādah bint Ibn ʿUthmān 4040
ʾawlād Tanbak b. Tanbak 2341,ʾawlād Tanbak b. Tanbak 2341
ʾawlād al-ʾAshraf Barsbāy 3309,ʾawlād al-ʾAshraf Barsbāy 3309
ʾawlād al-ʾAshraf ʾĪnāl 1166,ʾawlād al-ʾAshraf ʾĪnāl 1166
ʾawlād al-Ẓāhir Barqūq 4070,ʾawlād al-Ẓāhir Barqūq 4070
ʾawlād ʾAsanbughā al-Ṭayyārī 3675,ʾawlād ʾAsanbughā al-Ṭayyārī 3675
ʾawlād ʾAḥmad b. Ramaḍān 692,ʾawlād ʾAḥmad b. Ramaḍān 692
ʾawlād ʾAḥmad b. Thaqaba 4700,ʾawlād ʾAḥmad b. Thaqaba 4700
ʾawlād ʾIbrāhīm b. Ramaḍān 746,ʾawlād ʾIbrāhīm b. Ramaḍān 746
ʾawlād ʾUruz 4133,ʾawlād ʾUruz 4133
ʾawlād ʿAbd al-Bāsiṭ 784,ʾawlād ʿAbd al-Bāsiṭ 784
ʾaʿmām Yaḥyā b. al-Mustaʿīn bi-llāh 4620,ʾaʿmām Yaḥyā b. al-Mustaʿīn bi-llāh 4620
ʾaṣhār Jānibak al-Ṣūfī 1141,ʾaṣhār Jānibak al-Ṣūfī 1141
ʾibnat Ibn al-ʿAjamī 1581,ʾibnat Ibn al-ʿAjamī 1581
ʾikhwat Muḥammad Kirishjī  4465,ʾikhwat Muḥammad Kirishjī  4465
ʾikhwat Niẓām al-Dīn Yaḥyā al-Sīrāmī 4626,ʾikhwat Niẓām al-Dīn Yaḥyā al-Sīrāmī 4626
ʾikhwat ʾIsḥāq b. ʾIbrāhīm b. Qaramān 3816,ʾikhwat ʾIsḥāq b. ʾIbrāhīm b. Qaramān 3816
ʾukht Barqūq al-kubrā 2904,ʾukht Barqūq al-kubrā 2904
ʾukht Jānim al-ʾAshrafī  3684,ʾukht Jānim al-ʾAshrafī  3684
ʾukht Nawrūz 3121,ʾukht Nawrūz 3121
ʾukht Timrāz al-Muʾayyadī al-Muṣāriʿ 4110,ʾukht Timrāz al-Muʾayyadī al-Muṣāriʿ 4110
ʾukht al-Ẓāhir Jaqmaq 1409,ʾukht al-Ẓāhir Jaqmaq 1409
ʾukht al-Ẓāhir Jaqmaq 2428,ʾukht al-Ẓāhir Jaqmaq 2428
ʾukht ibn Taghrī Birdī 3436,ʾukht ibn Taghrī Birdī 3436
ʾukht ʾAmīn al-Dīn al-ʾAqṣarāʾī 3913,ʾukht ʾAmīn al-Dīn al-ʾAqṣarāʾī 3913
ʾukht ʾAḥmad b. ʾĪnāl 1241,ʾukht ʾAḥmad b. ʾĪnāl 1241
ʾukht ʿUmar b. Bahādur al-Musharraf 3787,ʾukht ʿUmar b. Bahādur al-Musharraf 3787
ʾumarāʾ muʾayyadīya 2347,ʾumarāʾ muʾayyadīya 2347
ʾumm Sūdūn al-Ẓāhirī 4289,ʾumm Sūdūn al-Ẓāhirī 4289
ʾumm Yaḥyā b. al-ʿAṭṭār 4618,ʾumm Yaḥyā b. al-ʿAṭṭār 4618
ʾumm al-Shihābī ʾAḥmad b. al-Malik al-ʾAshraf Barsbāy al-Duqmāqī al-Ẓāhirī 3729,ʾumm al-Shihābī ʾAḥmad b. al-Malik al-ʾAshraf Barsbāy al-Duqmāqī al-Ẓāhirī 3729
ʾumm ʾIbrāhīm b. Shaykh 2260,ʾumm ʾIbrāhīm b. Shaykh 2260
ʾĀqbughā Turkumān 2948,ʾĀqbughā Turkumān 2948
ʾĀqbughā al-Dawādār 1690,ʾĀqbughā al-Dawādār 1690
ʾĀqbughā al-Māridānī 1860,ʾĀqbughā al-Māridānī 1860
ʾĀqbughā al-Timrāzī  25,ʾĀqbughā al-Timrāzī  25
ʾĀqbughā ʾĀṣ 4491,ʾĀqbughā ʾĀṣ 4491
ʾĀqṭuwah al-ʾAshrafī 3957,ʾĀqṭuwah al-ʾAshrafī 3957
ʾĀsiya 3996,ʾĀsiya 3996
ʾĪnāl Bāy b. Qujmās al-Ẓāhirī 1874,ʾĪnāl Bāy b. Qujmās al-Ẓāhirī 1874
ʾĪnāl al-Jakamī 126,ʾĪnāl al-Jakamī 126
ʾĪnāl al-Muʾayyadī ʾAkhū Qashtam 511,ʾĪnāl al-Muʾayyadī ʾAkhū Qashtam 511
ʾĪnāl al-Nawrūzī 1031,ʾĪnāl al-Nawrūzī 1031
ʾĪnāl al-Rajabī 222,ʾĪnāl al-Rajabī 222
ʾĪnāl al-Yūsufī al-ʾAtābak 3,ʾĪnāl al-Yūsufī al-ʾAtābak 3
ʾĪnāl al-Ẓāhirī 947,ʾĪnāl al-Ẓāhirī 947
ʿAbd Allāh b. Baktamur 1684,ʿAbd Allāh b. Baktamur 1684
ʿAbd Allāh b. Baktamur al-Ḥājib 1794,ʿAbd Allāh b. Baktamur al-Ḥājib 1794
ʿAbd Allāh b. Muflaḥ 4214,ʿAbd Allāh b. Muflaḥ 4214
ʿAbd Allāh b. ʾAḥmad 1577,ʿAbd Allāh b. ʾAḥmad 1577
ʿAbd al-Bāsiṭ al-Dimashqī 80,ʿAbd al-Bāsiṭ al-Dimashqī 80
ʿAbd al-Dāʾim b. Mūsā 4517,ʿAbd al-Dāʾim b. Mūsā 4517
ʿAbd al-Ghanī b. al-Hayṣam  3874,ʿAbd al-Ghanī b. al-Hayṣam  3874
ʿAbd al-Ghanī b. ʾAbī al-Faraj 1923,ʿAbd al-Ghanī b. ʾAbī al-Faraj 1923
ʿAbd al-Karīm 1539,ʿAbd al-Karīm 1539
ʿAbd al-Karīm b. Kātib Jakam 1226,ʿAbd al-Karīm b. Kātib Jakam 1226
ʿAbd al-Karīm b. Kātib al-Manākh 570,ʿAbd al-Karīm b. Kātib al-Manākh 570
ʿAbd al-Karīm b. Makānis 2510,ʿAbd al-Karīm b. Makānis 2510
ʿAbd al-Karīm b. ʿAbd al-ʿAzīz 4250,ʿAbd al-Karīm b. ʿAbd al-ʿAzīz 4250
ʿAbd al-Laṭīf 4016,ʿAbd al-Laṭīf 4016
ʿAbd al-Laṭīf b. al-ʿAjamī 1114,ʿAbd al-Laṭīf b. al-ʿAjamī 1114
ʿAbd al-Laṭīf b. ʾAbī Bakr al-ʾAshqar 550,ʿAbd al-Laṭīf b. ʾAbī Bakr al-ʾAshqar 550
ʿAbd al-Qādir b. al-Bārizī 4061,ʿAbd al-Qādir b. al-Bārizī 4061
ʿAbd al-Qādir b. ʾAbī al-Faraj 1102,ʿAbd al-Qādir b. ʾAbī al-Faraj 1102
ʿAbd al-Razzāq b. Kātib al-Manākh 1618,ʿAbd al-Razzāq b. Kātib al-Manākh 1618
ʿAbd al-Razzāq b. al-Hayṣam 183,ʿAbd al-Razzāq b. al-Hayṣam 183
ʿAbd al-Razzāq b. ʾAbi l-Faraj 2147,ʿAbd al-Razzāq b. ʾAbi l-Faraj 2147
ʿAbd al-Raḥmān al-Dīrī 776,ʿAbd al-Raḥmān al-Dīrī 776
ʿAbd al-Raḥmān al-Fāsī 4463,ʿAbd al-Raḥmān al-Fāsī 4463
ʿAbd al-Raḥmān al-Kaffarī al-Ḥanafī 4246,ʿAbd al-Raḥmān al-Kaffarī al-Ḥanafī 4246
ʿAbd al-Raḥmān al-Tafhanī 984,ʿAbd al-Raḥmān al-Tafhanī 984
ʿAbd al-Raḥmān al-Zarandī 2364,ʿAbd al-Raḥmān al-Zarandī 2364
ʿAbd al-Raḥmān b. Khaldūn 2631,ʿAbd al-Raḥmān b. Khaldūn 2631
ʿAbd al-Raḥmān b. Khayr al-Mālikī 2559,ʿAbd al-Raḥmān b. Khayr al-Mālikī 2559
ʿAbd al-Raḥmān b. Makānis  2511,ʿAbd al-Raḥmān b. Makānis  2511
ʿAbd al-Raḥmān b. Manklī Bughā 1745,ʿAbd al-Raḥmān b. Manklī Bughā 1745
ʿAbd al-Raḥmān b. al-Kuwayz 3819,ʿAbd al-Raḥmān b. al-Kuwayz 3819
ʿAbd al-Raḥmān b. al-Kuwayz 608,ʿAbd al-Raḥmān b. al-Kuwayz 608
ʿAbd al-Raḥmān b. ʿAbd al-Raḥīm 4268,ʿAbd al-Raḥmān b. ʿAbd al-Raḥīm 4268
ʿAbd al-Raḥmān b. ʿAbd al-Wahhāb b. Naṣr Allāh 595,ʿAbd al-Raḥmān b. ʿAbd al-Wahhāb b. Naṣr Allāh 595
ʿAbd al-Raḥīm b. al-Bārizī 4057,ʿAbd al-Raḥīm b. al-Bārizī 4057
ʿAbd al-Raḥīm b. al-Furāt 1186,ʿAbd al-Raḥīm b. al-Furāt 1186
ʿAbd al-Raḥīm b. al-Ḥājib 4267,ʿAbd al-Raḥīm b. al-Ḥājib 4267
ʿAbd al-Wahhāb al-Fawwī 2399,ʿAbd al-Wahhāb al-Fawwī 2399
ʿAbd al-Wahhāb al-Khaṭīr 2774,ʿAbd al-Wahhāb al-Khaṭīr 2774
ʿAbd al-Wahhāb al-Ṭarābulusī  2381,ʿAbd al-Wahhāb al-Ṭarābulusī  2381
ʿAbd al-ʿAzīz 4017,ʿAbd al-ʿAzīz 4017
ʿAbd al-ʿAzīz b. Jamāʿa 4457,ʿAbd al-ʿAzīz b. Jamāʿa 4457
ʿAbd al-ʿAzīz b. Muḥammad al-Ṣaghīr 1151,ʿAbd al-ʿAzīz b. Muḥammad al-Ṣaghīr 1151
ʿAbd al-ʿAzīz b. Yaqūb 3314,ʿAbd al-ʿAzīz b. Yaqūb 3314
ʿAbd al-ʿAzīz b. al-Nāṣir Faraj 712,ʿAbd al-ʿAzīz b. al-Nāṣir Faraj 712
ʿAbd al-ʿAzīz ʾAkhī ʾAḥmad al-Makkī 4186,ʿAbd al-ʿAzīz ʾAkhī ʾAḥmad al-Makkī 4186
ʿAbd al-Ḥamīd 3519,ʿAbd al-Ḥamīd 3519
ʿAbd ʾAllāh al-ʿUmarī 2451,ʿAbd ʾAllāh al-ʿUmarī 2451
ʿAdhrā b. ʿAlī b. Nuʿayr 685,ʿAdhrā b. ʿAlī b. Nuʿayr 685
ʿAjlān 2994,ʿAjlān 2994
ʿAjlān b. Rumaytha 4364,ʿAjlān b. Rumaytha 4364
ʿAlam al-Dīn b. Jalūd 3005,ʿAlam al-Dīn b. Jalūd 3005
ʿAlam al-Dīn Ṣāliḥ al-Bulqīnī 2440,ʿAlam al-Dīn Ṣāliḥ al-Bulqīnī 2440
ʿAlāʾ al-Dawla b. Bāy Sunqur  4050,ʿAlāʾ al-Dawla b. Bāy Sunqur  4050
ʿAlāʾ al-Dīn al-Subkī 4376,ʿAlāʾ al-Dīn al-Subkī 4376
ʿAlāʾ al-Dīn b. Faḍl Allāh 2452,ʿAlāʾ al-Dīn b. Faḍl Allāh 2452
ʿAlāʾ al-Dīn ʿAlī 4534,ʿAlāʾ al-Dīn ʿAlī 4534
ʿAlāʾ al-Dīn ʿAlī al-Muqayrī 2789,ʿAlāʾ al-Dīn ʿAlī al-Muqayrī 2789
ʿAlāʾ al-Dīn ʿAlī b. al-Mughallī 374,ʿAlāʾ al-Dīn ʿAlī b. al-Mughallī 374
ʿAlāʾ al-Dīn ʿAlī b. ʿAdnān 2755,ʿAlāʾ al-Dīn ʿAlī b. ʿAdnān 2755
ʿAlī 4538,ʿAlī 4538
ʿAlī Bak b. Dulghādir 1957,ʿAlī Bak b. Dulghādir 1957
ʿAlī Bak b. Qarā Yuluk 163,ʿAlī Bak b. Qarā Yuluk 163
ʿAlī Bāk b. Qaramān 1400,ʿAlī Bāk b. Qaramān 1400
ʿAlī Bāy al-ʾAshrafī 820,ʿAlī Bāy al-ʾAshrafī 820
ʿAlī Bāy al-Ẓāhirī 1959,ʿAlī Bāy al-Ẓāhirī 1959
ʿAlī al-Kharrūbī 4361,ʿAlī al-Kharrūbī 4361
ʿAlī al-Makkī al-Nuwayrī 4185,ʿAlī al-Makkī al-Nuwayrī 4185
ʿAlī al-Nāṭiq 4347,ʿAlī al-Nāṭiq 4347
ʿAlī al-Shībī 4372,ʿAlī al-Shībī 4372
ʿAlī al-ʾUrmawī 2450,ʿAlī al-ʾUrmawī 2450
ʿAlī b. Aḥmad b. ʾIskandar 4692,ʿAlī b. Aḥmad b. ʾIskandar 4692
ʿAlī b. Dulghādir 66,ʿAlī b. Dulghādir 66
ʿAlī b. Muflaḥ 56,ʿAlī b. Muflaḥ 56
ʿAlī b. Munajjā 4374,ʿAlī b. Munajjā 4374
ʿAlī b. Nuʿayr 686,ʿAlī b. Nuʿayr 686
ʿAlī b. Tāj al-Dīn al-Bulqīnī 4522,ʿAlī b. Tāj al-Dīn al-Bulqīnī 4522
ʿAlī b. Wafā al-Shādhilī 4380,ʿAlī b. Wafā al-Shādhilī 4380
ʿAlī b. al-Jazarī 4345,ʿAlī b. al-Jazarī 4345
ʿAlī b. al-Sāyis al-Ṭaybarsī 1685,ʿAlī b. al-Sāyis al-Ṭaybarsī 1685
ʿAlī b. al-ʾAhnāsī 996,ʿAlī b. al-ʾAhnāsī 996
ʿAlī b. al-Ṭablāwī 1958,ʿAlī b. al-Ṭablāwī 1958
ʿAlī b. ʾAbī Fāris 3505,ʿAlī b. ʾAbī Fāris 3505
ʿAlī b. ʾAḥmad b. Thaqaba 4699,ʿAlī b. ʾAḥmad b. Thaqaba 4699
ʿAlī b. ʾIskandar 1012,ʿAlī b. ʾIskandar 1012
ʿAlī b. ʾĪnāl al-Yūsufī 5,ʿAlī b. ʾĪnāl al-Yūsufī 5
ʿAlī b. ʿAjlān al-Ḥasanī 4143,ʿAlī b. ʿAjlān al-Ḥasanī 4143
ʿAlī b. Ḥasan b. ʿAjlān 619,ʿAlī b. Ḥasan b. ʿAjlān 619
ʿAlī b.Qardam 3805,ʿAlī b.Qardam 3805
ʿAlī ibn Sūdūn al-Fakhrī al-Shaykhūnī 2199,ʿAlī ibn Sūdūn al-Fakhrī al-Shaykhūnī 2199
ʿAlī ibn al-malik al-ʾAshraf 2221,ʿAlī ibn al-malik al-ʾAshraf 2221
ʿAlībāk  3789,ʿAlībāk  3789
ʿAqīl b. Wabīr 113,ʿAqīl b. Wabīr 113
ʿAzīz al-Ḥasanī 335,ʿAzīz al-Ḥasanī 335
ʿAʾisha Shaqrāʾ bint Taghrī Birdī 2751,ʿAʾisha Shaqrāʾ bint Taghrī Birdī 2751
ʿAḍud al-Dīn ʿAbd al-Raḥmān b. Yaḥyā 1420,ʿAḍud al-Dīn ʿAbd al-Raḥmān b. Yaḥyā 1420
ʿAṭīya al-Saʿdī 4180,ʿAṭīya al-Saʿdī 4180
ʿImād al-Dīn al-Karakī 2705,ʿImād al-Dīn al-Karakī 2705
ʿImād al-Dīn b. Badr al-Dīn  720,ʿImād al-Dīn b. Badr al-Dīn  720
ʿIzz al-Dīn al-Nuwayrī 4474,ʿIzz al-Dīn al-Nuwayrī 4474
ʿIzz al-Dīn Ḥamza 4535,ʿIzz al-Dīn Ḥamza 4535
ʿUmar 122,ʿUmar 122
ʿUmar 153,ʿUmar 153
ʿUmar Birza* 617,ʿUmar Birza* 617
ʿUmar al-Ḥimṣī 572,ʿUmar al-Ḥimṣī 572
ʿUmar b. Bahādur al-Musharraf 3786,ʿUmar b. Bahādur al-Musharraf 3786
ʿUmar b. Shaykh 2354,ʿUmar b. Shaykh 2354
ʿUmar b. al-ʿAdīm al-Ḥalabī 4173,ʿUmar b. al-ʿAdīm al-Ḥalabī 4173
ʿUmar b. ʿAḥmad b. al-Saffāḥ 529,ʿUmar b. ʿAḥmad b. al-Saffāḥ 529
ʿUmar b. Ḥijjī 72,ʿUmar b. Ḥijjī 72
ʿUmar ibn Qilīj 2276,ʿUmar ibn Qilīj 2276
ʿUmayra b. Jamīl b. Yūsuf 1633,ʿUmayra b. Jamīl b. Yūsuf 1633
ʿUthman al-Ḥafṣī 3481,ʿUthman al-Ḥafṣī 3481
ʿUthmān Qarā Yuluk 397,ʿUthmān Qarā Yuluk 397
ʿUthmān al-Karādī al-ʾAshqar 4030,ʿUthmān al-Karādī al-ʾAshqar 4030
ʿamm  Shams al-Dīn Muḥammad b. ʿAlī b. Muḥammad 3843,ʿamm  Shams al-Dīn Muḥammad b. ʿAlī b. Muḥammad 3843
ʿamm  Shams al-Dīn Muḥammad b. ʿAlī b. Muḥammad 3844,ʿamm  Shams al-Dīn Muḥammad b. ʿAlī b. Muḥammad 3844
ʿayāl Tāj al-Dīn al-Bulqīnī 4518,ʿayāl Tāj al-Dīn al-Bulqīnī 4518
ʿayāl ʿAbd al-Bāsiṭ al-Dimashqī 4226,ʿayāl ʿAbd al-Bāsiṭ al-Dimashqī 4226
ʿĀʾisha bt. ʾAnas 2903,ʿĀʾisha bt. ʾAnas 2903
ʿāʾila al-Ẓāhir Majd al-Dīn ʿĪsā 4410,ʿāʾila al-Ẓāhir Majd al-Dīn ʿĪsā 4410
ʿāʾilat Birdibak 2897,ʿāʾilat Birdibak 2897
ʿĪsā al-Maghribī  al-Mulaqqin 4404,ʿĪsā al-Maghribī  al-Mulaqqin 4404
ʿĪsā b. Qaramān 3524,ʿĪsā b. Qaramān 3524
ʿĪsā b. Raḥḥāb 3516,ʿĪsā b. Raḥḥāb 3516
ʿĪsā b. Yūsuf b. ʿUmar al-Hawwārī 575,ʿĪsā b. Yūsuf b. ʿUmar al-Hawwārī 575
Ḥaditha b. Sayf 429,Ḥaditha b. Sayf 429
Ḥamza al-ʿAshārī 792,Ḥamza al-ʿAshārī 792
Ḥamza b. Dulghādir 765,Ḥamza b. Dulghādir 765
Ḥamza b. Ghayth b. Naṣīr al-Dīn 2841,Ḥamza b. Ghayth b. Naṣīr al-Dīn 2841
Ḥamza b. Qarā Yuluk 3542,Ḥamza b. Qarā Yuluk 3542
Ḥamza b. Taghrī Birdī 2745,Ḥamza b. Taghrī Birdī 2745
Ḥamza b. ʾAḥmad b.Ramaḍān 1140,Ḥamza b. ʾAḥmad b.Ramaḍān 1140
Ḥamīd al-Dīn b. ʾAbī Ḥanīfa 602,Ḥamīd al-Dīn b. ʾAbī Ḥanīfa 602
Ḥamīd al-Dīn ʿAbd al-Ḥamīd 3942,Ḥamīd al-Dīn ʿAbd al-Ḥamīd 3942
Ḥasan Bak b. Sālim al-Dūkārī 2235,Ḥasan Bak b. Sālim al-Dūkārī 2235
Ḥasan Bak b. ʿAlī Bak b. Qarā Yuluk 1448,Ḥasan Bak b. ʿAlī Bak b. Qarā Yuluk 1448
Ḥasan Shāh 3249,Ḥasan Shāh 3249
Ḥasan b. Dulghādir 3893,Ḥasan b. Dulghādir 3893
Ḥasan b. Khāṣṣ Bak 2936,Ḥasan b. Khāṣṣ Bak 2936
Ḥasan b. Muḥammad 4145,Ḥasan b. Muḥammad 4145
Ḥasan b. Muḥammad b. al-Muzalliq 483,Ḥasan b. Muḥammad b. al-Muzalliq 483
Ḥasan b. Muḥibb al-Dīn 70,Ḥasan b. Muḥibb al-Dīn 70
Ḥasan b. Qarā Yuluk 3053,Ḥasan b. Qarā Yuluk 3053
Ḥasan b. Sūdūn al-Faqīh 3631,Ḥasan b. Sūdūn al-Faqīh 3631
Ḥasan b. Thaqaba 4470,Ḥasan b. Thaqaba 4470
Ḥasan b. al-Qudsī 2610,Ḥasan b. al-Qudsī 2610
Ḥasan b. al-Ṣawāf al-Ḥanafī 2343,Ḥasan b. al-Ṣawāf al-Ḥanafī 2343
Ḥasan b. ʿAbd al-Karīm 4251,Ḥasan b. ʿAbd al-Karīm 4251
Ḥasan b. ʿAjlān al-Ḥasanī 334,Ḥasan b. ʿAjlān al-Ḥasanī 334
Ḥasan b. ʿAlī al-ʾUrmawī 591,Ḥasan b. ʿAlī al-ʾUrmawī 591
Ḥazbanāy* b. Dāwud 2697,Ḥazbanāy* b. Dāwud 2697
Ḥusayn b. Kubuk 423,Ḥusayn b. Kubuk 423
Ḥusayn b. Nuʿayr 168,Ḥusayn b. Nuʿayr 168
Ḥusayn b. Qalāwūn 4453,Ḥusayn b. Qalāwūn 4453
Ḥusayn b. ʿUthmān b. al-ʾAshraf 3382,Ḥusayn b. ʿUthmān b. al-ʾAshraf 3382
Ḥusām al-Dīn Ḥasan b. Bākīsh 1910,Ḥusām al-Dīn Ḥasan b. Bākīsh 1910
Ḥāj Malak bt. Ibn Qarā 2426,Ḥāj Malak bt. Ibn Qarā 2426
ḥafīd Tāj al-Shawīkī 4089,ḥafīd Tāj al-Shawīkī 4089
ḥafīd Walī al-Dīn b. al-ʿIrāqī 1206,ḥafīd Walī al-Dīn b. al-ʿIrāqī 1206
ḥarīm Qānī Bāy al-Ṣaghīr al-Muḥammadī 4426,ḥarīm Qānī Bāy al-Ṣaghīr al-Muḥammadī 4426
ḥarīm ʾAbu l-Khayr al-Naḥḥās 4664,ḥarīm ʾAbu l-Khayr al-Naḥḥās 4664
Ṣadaqa b. Sūlī 4302,Ṣadaqa b. Sūlī 4302
Ṣadr al-Dīn al-Munāwī 2561,Ṣadr al-Dīn al-Munāwī 2561
Ṣadr al-Dīn al-Ḥusaynī 4593,Ṣadr al-Dīn al-Ḥusaynī 4593
Ṣalāḥ al-Dīn al-Faqīh 1472,Ṣalāḥ al-Dīn al-Faqīh 1472
Ṣalāḥ al-Dīn b. Naṣr Allāh 522,Ṣalāḥ al-Dīn b. Naṣr Allāh 522
Ṣalāḥ al-Dīn ʾAmīr Ḥājj b. Barkūt al-Makīnī 1244,Ṣalāḥ al-Dīn ʾAmīr Ḥājj b. Barkūt al-Makīnī 1244
Ṣarghitmish 2219,Ṣarghitmish 2219
Ṣawjī * 360,Ṣawjī * 360
Ṣawjī* 4673,Ṣawjī* 4673
Ṣurdāḥ b. Muqbil 3876,Ṣurdāḥ b. Muqbil 3876
Ṣuruq al-Ẓāhirī 1945,Ṣuruq al-Ẓāhirī 1945
Ṣārim al-Dīn b. Duqmāq 2215,Ṣārim al-Dīn b. Duqmāq 2215
Ṣāḥib ʾAlbāz 4413,Ṣāḥib ʾAlbāz 4413
Ṭarabāy al-Ẓāhirī 294,Ṭarabāy al-Ẓāhirī 294
Ṭawkh Baṭṭīkh 75,Ṭawkh Baṭṭīkh 75
Ṭaybars 3796,Ṭaybars 3796
Ṭughaytamur al-Niẓāmī 2222,Ṭughaytamur al-Niẓāmī 2222
Ṭughrīl b. Ṣaqal Sīz* 725,Ṭughrīl b. Ṣaqal Sīz* 725
Ṭur ʿAlī b. Saqal Sīz 254,Ṭur ʿAlī b. Saqal Sīz 254
Ṭāz 3139,Ṭāz 3139
Ṭūghān 1485,Ṭūghān 1485
Ṭūghān al-Muʾayyadī 3184,Ṭūghān al-Muʾayyadī 3184
Ṭūghān al-Nāṣirī 1767,Ṭūghān al-Nāṣirī 1767
Ṭūghān al-Ḥasanī 40,Ṭūghān al-Ḥasanī 40
Ṭūghān b. Qulaqsīz al-Turkumānī 4012,Ṭūghān b. Qulaqsīz al-Turkumānī 4012
Ṭūkh 851,Ṭūkh 851
Ẓahīr al-Dīn Muḥammad 3916,Ẓahīr al-Dīn Muḥammad 3916
‘Umm Muḥammad 4090,‘Umm Muḥammad 4090