Source	Target	Weight
الحبال	الصوفي	2
الاندلس	المالكي	10
الالبيري	الاندلسي	7
الحبال	فارس	2
البغدادي	الرازي	2
الازدي	فارس	2
مصر	واسط	12
الدوري	المطوعي	2
مصر	هراة	3
الاهواز	الكوفة	4
الصعيد	القاضي	3
المءذن	المصري	3
الحنفي	الدامغاني	2
العراق	خوزستان	2
الدمشقي	العنسي	2
الحنفي	السمرقندي	3
العبيدي	القاهرة	2
افريقية	سلمية	2
الازدي	المصري	4
الانصاري	البصرة	2
التنوخي	بغداد	5
البغدادي	الشافعي	10
الفقيه	القيرواني	2
الغافقي	المصري	3
جرجان	مصر	6
الاسدي	العراق	2
الحنفي	المولي	8
النحوي	قرطبة	2
الحضرمي	قرطبة	2
الطبيب	بغداد	4
اشبيلية	الاشبيلي	8
الازدي	الشاعر	4
التميمي	الشام	4
الاخباري	الشاعر	4
الكلابي	طرابلس	2
الافريقي	طرابلس	2
الجبال	مصر	4
النحوي	الواسطي	3
الاسكندرية	مصر	9
الجزيرة	الشام	13
البخاري	ما وراء النهر	5
الفريابي	مصر	2
الشاعر	امل	2
اصبهان	الموصل	5
الفقيه	الواعظ	4
الصوفي	الهمذاني	2
العراق	مكة	10
مرو	مصر	6
الاندلس	فارس	2
المتنبي	بغداد	2
الاديب	الهمداني	2
العبيدي	المولي	7
الرملة	المصري	3
الباهلي	بغداد	2
الالبيري	الفقيه	2
الرومي	المتنبي	2
المتنبي	مصر	2
سمرقند	فرغانة	4
الرملة	دمشق	22
الضرير	المصري	4
الدمشقي	المءذن	2
الشافعي	القصار	2
جرجان	هراة	3
الدني	المالكي	2
القاضي	المحاملي	3
القاهرة	سلمية	2
المحدث	مصر	14
الموصلي	مصر	4
اليمن	قيسارية	2
الحضرمي	المقريء	2
المولي	سجلماسة	2
البلخي	الحنفي	2
افريقية	المغرب	3
الفقيه	المازني	2
الحنفي	القمي	2
اصبهان	حلب	2
مكة	واسط	5
الانباري	البغدادي	3
الجرجاني	العراق	3
التميمي	الصعيد	2
البصرة	الحاكم	3
البغدادي	المقريء	90
الاندلس	الهند	2
الحاكم	حمص	2
الاسفراءيني	بغداد	3
البغدادي	النحاس	2
الشام	واسط	10
الانباري	الكاتب	2
المصيصة	المصيصي	2
بلخ	خراسان	2
القدس	المولي	2
الاندلس	الطبيب	2
الاهواز	العراق	3
الاندلس	حمص	4
الزهراء	قرطبة	6
بلخ	نيسابور	5
البصرة	القيروان	3
الجرجاني	امل	2
الحنبلي	العراق	2
التميمي	مصر	7
النيسابوري	خراسان	15
الروم	حمص	3
الاخشيدي	الامير	4
الطبري	العراق	2
الاندلسي	المولي	14
طوس	مكة	2
المحدث	جرجان	2
العراق	الفسوي	2
فارس	نيسابور	10
جرجان	قزوين	2
الحضرمي	مصر	3
السبتي	سبتة	2
القاضي	حمص	4
عسقلان	مصر	4
الشام	الكاتب	4
بلخ	مرو	3
الفقيه	فارس	7
بغداد	طرسوس	4
الطبري	الموصل	2
الاصبهاني	المذكر	2
الحجاز	بغداد	12
الفقيه	النجاد	3
افريقية	المهدية	3
البغدادي	المالكي	6
الكتاني	المصري	3
بغداد	هراة	13
الحجاز	مرو	3
الاديب	خراسان	3
الدامغاني	بغداد	2
البيهقي	نيسابور	2
الضبي	بغداد	5
الغلام	طرابلس	2
القطان	المقريء	3
القاضي	المعتزلي	2
الشاعر	النديم	2
الاديب	طرسوس	3
الصفار	دمشق	2
الكوفة	خوزستان	2
الاموي	الطليطلي	3
الباهلي	البصري	2
الشام	دمشق	31
الكاتب	مصر	8
بغداد	سمرقند	7
الحنفي	هراة	3
الموصل	النيسابوري	4
الفارس	شيراز	3
الاصبهاني	الزعفراني	3
الجرجاني	جرجان	15
الحصار	المولي	2
الفقيه	نيسابور	29
القرشي	الهروي	2
الرحال	مصر	5
الاعور	مصر	3
الاندلس	النحوي	3
الشاعر	جرجان	2
افريقية	الشام	2
بغداد	جور	2
الاسدي	الشافعي	3
الاخباري	الاندلس	2
الطابران	الطوسي	2
العباسي	مكة	2
الاندلسي	الغافقي	5
اصبهان	اصطخر	2
الكلابي	الكوفة	2
الحنفي	المقريء	2
المروزي	مرو	12
الشافعي	النيسابوري	18
البصرة	الكاتب	3
دارا	مصر	3
الانطاكي	الفقيه	2
الرملة	حمص	5
التغلبي	المولي	2
العراق	القاضي	14
السجستاني	بغداد	2
التركي	بغداد	3
الفقيه	نسا	4
حران	حلب	5
الشاعر	الشام	11
البلخي	بغداد	8
الطرسوسي	بغداد	2
الموصل	حلب	4
البصرة	واسط	11
المحدث	دمشق	7
الصوفي	القرطبي	2
البارع	مصر	4
القاضي	رامهرمز	2
الفارس	بغداد	5
بغداد	خراسان	21
الزعفراني	الهمداني	2
المقريء	بغداد	44
المولي	النحوي	2
اليمن	بغداد	8
القاضي	النسفي	2
السمرقندي	العراق	3
الاصبهاني	الوراق	4
الخولاني	المقريء	3
الشاعر	المصيصي	2
القنطري	المقريء	2
الغوطة	مصر	2
المءرخ	مصر	2
الماسرجسي	نيسابور	2
المفسر	بغداد	2
الحجاز	بست	2
سرخس	نيسابور	2
الحاكم	الواعظ	3
الرقة	فارس	2
البزاز	التميمي	4
البصرة	المروروذي	2
الجزيرة	الرحال	2
البغدادي	البندار	3
الحجاز	طرابلس	2
الحاكم	ما وراء النهر	2
افريقية	نيسابور	2
السهمي	القرشي	3
الاندلسي	طرابلس	6
الجرجاني	نيسابور	8
البغدادي	تنيس	5
الحنفي	بغداد	15
البغدادي	الدلال	2
القاضي	الكوفي	4
التنوخي	المقريء	2
الكوفي	مصر	5
الصوفي	مكة	15
النحوي	مصر	15
الامير	الرملة	6
الدمشقي	الكندي	3
السامري	العراق	2
نسا	هراة	2
الصوفي	مصر	10
المحدث	النيسابوري	15
القيروان	المقريء	5
الكوفة	الموصل	6
مكة	همذان	7
الحداد	المقريء	6
الرازي	الضرير	3
القيرواني	المقريء	2
حلب	عكا	2
البغدادي	النيسابوري	2
الحاكم	العراق	5
الاندلس	حلب	3
الامير	المقريء	2
الحراني	العراق	2
الابهري	المالكي	6
طرسوس	مكة	2
الروم	الشاعر	6
الاندلسي	مكة	10
البغدادي	الوزان	2
الجرجاني	فارس	2
النخاس	بغداد	2
الكندي	دمشق	2
اشبيلية	القرطبي	2
الحجاز	دارا	2
المري	بجانة	2
الحنبلي	الخلال	3
الشام	حمص	8
النهرواني	بغداد	2
الاهواز	فارس	4
الجري	بغداد	3
الرافضي	الموصل	2
الطراءفي	العنزي	2
البخاري	النسفي	4
الحجاز	المغرب	3
الحذاء	المقريء	3
السرخسي	الفقيه	3
الكاتب	الكوفي	2
المري	المقريء	2
السرخسي	بغداد	2
الدينوري	الوراق	2
الدمشقي	الرازي	2
الامير	الكتامي	2
الاشناني	بغداد	2
النحوي	بغداد	15
الاديب	الازدي	3
سامراء	مصر	3
الري	مكة	14
الفقيه	جرجان	8
الاندلس	الاندلسي	31
بغداد	حمص	9
سمرقند	مصر	3
الحجاز	فارس	3
الفقيه	المسعودي	2
الحنبلي	الفقيه	12
الاديب	الفقيه	12
الازدي	المحدث	2
التميمي	الهمذاني	3
الشاعر	بغداد	7
الدهقان	المقريء	2
البصرة	القرطبي	6
المحدث	همذان	2
الرملة	الفقيه	3
الدهقان	بغداد	2
القيروان	قرطبة	4
البارع	الشام	2
المالكي	همذان	2
الحاكم	نيسابور	18
القاضي	المغربي	2
دمشق	دمياط	2
الرقة	القدس	2
المقريء	النقاش	6
الاخشيدي	بغداد	2
اصبهان	عكا	2
النسفي	نسف	6
الفقيه	المزني	2
البخاري	الدهقان	3
الاصبهاني	نيسابور	8
البغدادي	الدهقان	2
الحراني	مصر	2
البصري	المالكي	2
الاسكندرية	فارس	2
الفارسي	بغداد	7
اصبهان	العسكري	2
الانصاري	القرطبي	3
البغدادي	طرابلس	4
القرشي	المصري	5
الحجاز	المكي	2
الشيباني	الهمذاني	2
البلدي	الشيباني	2
الحنفي	الكرخي	2
الرازي	همذان	4
الشام	تستر	2
امل	امل	5
اللخمي	قرطبة	3
الدينوري	قرطبة	2
النيسابوري	طرسوس	4
البيرة	المالكي	2
اصبهان	الرقة	3
الاملي	الشاعر	2
اذربيجان	القاضي	2
المتكلم	نيسابور	3
المولي	كرمان	2
السلمي	المحدث	2
الدمشقي	تبوك	4
الغساني	المصري	2
الفقيه	المتكلم	2
السرخسي	القراب	2
اللخمي	المولي	3
الواسطي	واسط	6
عسقلان	مكة	2
الاسكندرية	الشام	2
الري	بغداد	28
التغلبي	حمص	2
الانباري	بغداد	7
الواعظ	بغداد	10
الشام	القرشي	2
الحذاء	المولي	2
الحاكم	مكة	7
طوس	نيسابور	4
انطاكية	حلب	2
جرجان	نيسابور	14
الجرجاني	الشافعي	10
الفارسي	بخارى	5
المتنبي	حلب	3
القاهرة	مصر	7
الجمحي	الدمشقي	2
البغدادي	الحريري	2
البلخي	الفقيه	2
الشافعي	الهروي	4
المالكي	المصري	13
الحجاز	مكة	7
بلخ	سمرقند	2
الشافعي	المقدسي	2
الحاكم	امل	4
الهمداني	اليمن	2
الخراز	بغداد	2
بيروت	عسقلان	2
الحمامي	المولي	2
الشام	طرابلس	12
المءذن	النيسابوري	6
الاديب	المقريء	2
الحنفي	المعتزلي	4
البصرة	العراق	7
الفسوي	شيراز	2
اصبهان	الجزيرة	2
البصري	مكة	3
التجيبي	الطليطلي	2
الاديب	العراق	2
العراق	طرابلس	2
الرحال	الفقيه	3
فارس	مكة	8
الرحال	حلب	2
البغدادي	الزيات	4
المقريء	الواعظ	3
خراسان	نيسابور	23
المغربي	مصر	6
اصبهان	القاضي	5
العراق	المولي	17
الفقيه	مصر	38
المفسر	النحوي	2
الخراج	الكاتب	2
السامري	بغداد	2
الزهراء	القرطبي	2
الرملة	المقريء	3
الاستراباذي	المقريء	2
الشيعي	القبلي	2
البغدادي	الجوهري	8
العسكري	الفقيه	3
الفهري	المولي	3
الحمار	المولي	2
الرقة	حمص	3
المولي	المولي	9
الازدي	المءدب	2
الجوهري	النيسابوري	2
الاندلس	البيرة	4
طرابلس	واسط	2
الرملة	المولي	17
اليهودي	حمص	2
البزاز	مصر	5
الخراساني	المقريء	3
الدمشقي	الكلابي	8
الدينوري	الصوفي	2
السلمي	النيسابوري	4
الفرضي	المقريء	4
الزيدي	بغداد	3
الشيباني	القاضي	2
الفقيه	النسفي	3
اصبهان	القرشي	2
المحدث	بلخ	2
الحمال	مصر	2
الصيرفي	المروزي	2
الحاكم	بغداد	15
التميمي	الجزيرة	3
المقريء	بخارى	9
الماليني	الهروي	3
البصرة	المتكلم	4
الجزيرة	الكوفة	2
الاديب	الجرجاني	2
الاديب	الحاكم	6
الجوهري	المحدث	2
الشام	الكتامي	2
المولي	طبرية	2
الري	خراسان	9
الكعبي	المعتزلي	4
بخارى	طرابلس	2
الصوفي	نيسابور	18
الرازي	النيسابوري	3
التركي	المولي	6
الشافعي	نسا	3
التميمي	القاضي	6
الاخباري	المعتزلي	2
العالي	المغرب	2
القيروان	القيسي	2
المالكي	المفتي	3
طبرية	نيسابور	2
الانماطي	بغداد	2
الحنفي	المصري	4
حلب	منبج	2
التميمي	المالكي	4
الانماطي	البغدادي	3
القدس	بغداد	7
الرومي	الكاتب	2
امل	هراة	2
الشيعي	الغلام	2
الدمشقي	انطاكية	2
حلب	عسقلان	2
القراب	الهروي	6
المءيد	طرابلس	2
مصر	مكة	37
الخادم	الروم	2
البصرة	الذهلي	2
الجوهري	الرحال	2
المرادي	مصر	2
المولي	فارس	9
الاستراباذي	الرحال	2
الانصاري	نيسابور	2
البياني	بغداد	2
البغدادي	الحنبلي	7
الطالقان	جرجان	2
الطبري	حلب	2
الاصبهاني	السمسار	2
الانطاكي	مصر	6
الصوفي	قم	2
اصبهان	المحدث	4
الشافعي	نسف	2
الاستراباذي	الفقيه	8
البغدادي	القنطري	2
حمص	عسقلان	3
الاصبهاني	الضرير	3
الواعظ	فارس	3
اشبيلية	الاندلسي	4
الجزيرة	دمشق	3
المولي	حوران	2
الشهرزوري	مصر	2
الاعرج	طرابلس	2
الرحال	طرابلس	2
الاندلس	الفتي	2
الاشعري	البصرة	2
القدس	المدينة	2
مرو	نيسابور	13
الفارس	المولي	3
البصرة	خوزستان	2
الكلابي	مصر	2
الكوفة	امل	2
المقريء	عسقلان	4
البزار	الحنبلي	2
الحاكم	فارس	2
الكوفة	دمشق	12
حران	خراسان	2
البغدادي	الواعظ	7
بغداد	فسا	2
المدينة	النيسابوري	3
الاخباري	بغداد	3
القرطبي	الكناني	3
الاندلس	البارع	2
الشام	فارس	8
البغدادي	العراق	14
الفقيه	اليمن	2
المولي	همذان	2
الاندلس	السبتي	2
الضرير	بغداد	5
المالكي	المغربي	8
البصرة	الجرجاني	2
الرقة	حلب	3
الفقيه	حمص	2
الاصبهاني	الحاكم	2
الضرير	فارس	2
الخرقي	بغداد	2
الرملة	مرو	2
الظاهري	الفقيه	5
التغلبي	الروم	3
البغدادي	المغرب	4
الاندلسي	رية	2
الفقيه	الهمذاني	2
القيسي	قرطبة	3
الحراني	السلمي	2
الامير	الهاشمي	3
اصبهان	اللخمي	2
التميمي	الصوفي	2
الاموي	بغداد	7
القدس	حمص	3
فارس	همذان	4
الحراني	حران	3
الشام	نسا	2
الطالقان	المصيصة	2
المذكر	بغداد	2
السامي	القرشي	2
البغدادي	العالي	2
العراق	مصر	54
القاهرة	المغرب	6
الكندي	المصري	5
التاجر	بخارى	3
الرملة	داريا	2
الري	المحدث	7
الفقيه	الهروي	6
البيرة	القرطبي	3
الواسطي	بغداد	11
الشام	بخارى	6
الاندلس	خراسان	2
الاندلسي	القرطبي	6
المفسر	هراة	2
التميمي	المصري	4
القزاز	مصر	2
الاموي	المحدث	6
الالبيري	الاندلس	2
الديلمي	فارس	2
اليمن	طرابلس	4
البصرة	الفارس	2
الامير	القاءد	2
المطرز	المقريء	2
الاندلس	الليثي	3
الشاعر	الموصل	3
بيروت	مصر	3
الطحان	المحدث	2
الروم	مصر	5
البصرة	الطبري	2
الاديب	البغدادي	6
الذهلي	واسط	2
العسكري	المصري	3
الخياط	مصر	3
العجلي	المفتي	2
الري	دارا	2
المولي	طرابلس	8
السند	بغداد	2
الموصل	امل	2
العجلي	النيسابوري	2
الدقاق	الصدوق	2
طرابلس	مصر	12
الطابران	نيسابور	3
الانماطي	النيسابوري	3
الاموي	المالكي	2
الشام	حلب	12
الشافعي	حلب	2
بغداد	نسف	4
النسوي	دمشق	2
الاخباري	النحوي	5
الري	العسكري	2
اصبهان	الصوفي	3
اصبهان	بغداد	20
الاستراباذي	الجرجاني	2
البصرة	نيسابور	12
تنيس	مصر	4
القمي	مصر	2
السامري	دمشق	3
البصرة	بغداد	46
الرازي	دمشق	5
الحجاز	نيسابور	14
الهمذاني	الوراق	2
التركي	العقيلي	2
المولي	مصر	49
الدينوري	المطوعي	2
البغدادي	الكوفة	9
القاضي	الهاشمي	4
الحيرة	نيسابور	2
الاندلسي	المعافري	2
الاشناني	البغدادي	2
الري	الكوفة	9
السامري	المقريء	6
المعافري	مصر	3
المطوعي	مصر	2
الشاعر	الكلابي	2
الخريمي	المري	2
البزاز	المصري	6
التميمي	المءدب	2
الهمذاني	دمشق	3
الاندلس	سبتة	3
الزيدي	الكوفي	3
حلب	طبرستان	2
السامري	فارس	3
الكوفة	المحدث	5
الشاعر	قرطبة	3
البغدادي	الموصلي	2
الصيرفي	مصر	3
الرومي	مصر	4
القاضي	القزويني	2
الشعري	الشيعي	2
الاصبهاني	العراق	5
الاصبهاني	العبدي	5
اليمن	مكة	4
بغداد	مصر	77
القطان	النيسابوري	7
البغدادي	الزيدي	2
الاصبهاني	القزاز	2
الافريقي	المغرب	4
الاصبهاني	البصرة	6
طرابلس	قرطبة	4
الطحان	المصري	3
الاسكافي	الشاهد	2
حلب	دمشق	14
القزويني	النحوي	2
الموصل	حران	3
العراق	الكوفة	3
الحاكم	المزكي	2
الاندلس	القيروان	6
بغداد	عمان	2
الانباري	التنوخي	3
الطوسي	طوس	2
خوزستان	مصر	2
الرملة	القاضي	7
المقريء	خراسان	7
البصري	العراق	2
المحدث	المقريء	6
الانطاكي	المقريء	14
النيسابوري	بغداد	42
الازدي	البصري	2
الاندلس	الفرضي	2
البغدادي	ما وراء النهر	6
حوران	دمشق	2
الشيباني	نسا	2
اصبهان	فارس	8
الشام	عكا	2
اصبهان	الجرجاني	2
الاسود	المصري	2
الصيرفي	المالكي	2
الكوفة	واسط	5
الدمشقي	النحوي	2
الاندلس	الحساب	3
الاندلس	القرطبي	22
السند	الشام	2
الاندلس	الكاتب	2
الجزيرة	المولي	2
السراج	النيسابوري	7
الفهري	القرطبي	2
العباسي	القاضي	3
الاعور	البغدادي	2
الحيري	طرسوس	2
اللخمي	قيسارية	2
الري	بخارى	5
القزويني	اليمن	2
الشام	جرجان	3
الحجاز	الدمشقي	2
النهاوندي	همذان	2
الشافعي	اللغوي	4
السمسار	النيسابوري	3
القشيري	النيسابوري	2
الثقفي	المحدث	3
جرجان	مكة	2
البصري	مصر	8
الدمشقي	الرملة	2
الشاعر	الوالي	2
القاضي	تكريت	2
الامير	التغلبي	5
الالبيري	بجانة	2
الجزيرة	بخارى	2
اصبهان	الشام	16
الطليطلي	قرطبة	6
العباسي	المولي	3
البصرة	امل	2
المولي	صور	2
الاصبهاني	الري	6
الكتامي	مصر	2
الاهواز	نسا	3
ما وراء النهر	نيسابور	2
القدس	مصر	6
البغدادي	المطرز	2
البغدادي	مرو	5
خراسان	ما وراء النهر	9
الزبيري	الفقيه	2
الاندلس	بغداد	8
الفقيه	المدينة	2
الالبيري	غرناطة	2
الرازي	الكوفة	2
الرملة	حلب	4
الري	المروزي	3
الاندلسي	مصر	14
التميمي	القرطبي	3
الصوفي	القدس	4
الصوفي	دارا	4
الاسفراءيني	خراسان	2
العقيلي	مصر	2
المالكي	مصر	18
الفتي	القرطبي	2
الدوري	المقريء	11
الجيزة	المهدية	2
الاندلس	اليمن	2
السجزي	هراة	4
الاسدي	الفقيه	5
دمشق	عسقلان	4
القرشي	مرو	2
عكا	مصر	2
البزاز	بغداد	8
الموصل	دمشق	8
البغدادي	الهاشمي	19
الدمشقي	الشافعي	2
العبيدي	المغرب	3
الاسدي	البغدادي	3
الشافعي	المفتي	7
الماسرجسي	خراسان	2
الشاعر	نيسابور	6
الشيرازي	بغداد	5
الشام	المتنبي	2
الامير	قم	2
البحيري	النيسابوري	3
الصوفي	الكوفة	2
المولي	شيراز	5
الحجاز	ما وراء النهر	2
المولي	بيروت	2
بست	مكة	2
القرطبي	الليثي	4
التجيبي	النحاس	2
البغدادي	الصيدلاني	6
الزجاج	النحوي	2
الاخباري	البصري	2
البصرة	فارس	8
الحاكم	الفقيه	6
الابهري	الفقيه	2
الاملي	دمشق	2
المغربي	مكة	2
الشافعي	العجلي	3
الاصبهاني	القصار	4
المقريء	انطاكية	7
الازهري	اللغوي	2
الرومي	بغداد	3
الحنبلي	العكبري	4
قيسارية	نيسابور	2
العباسي	مصر	4
الصيرفي	الفقيه	3
الرملة	العراق	5
الديلمي	الفارس	2
الحمصي	القاضي	2
الفقيه	المزكي	6
التميمي	النحوي	3
الخولاني	قرطبة	2
بخارى	مكة	5
الجوال	الرحال	5
الطوسي	المقريء	2
الشيباني	النيسابوري	5
الاديب	المتكلم	3
البغدادي	النقاش	3
القاضي	الموصل	6
الصيرفي	النيسابوري	3
الشاعر	الشافعي	4
الموصل	مكة	3
المولي	الهاشمي	6
الوراق	نيسابور	4
الحاكم	هراة	2
الاسكندرية	القاهرة	2
اللغوي	المقريء	2
الشام	الهاشمي	2
الامير	المولي	34
العراق	قرطبة	2
البصرة	الحجاز	4
الجوهري	نيسابور	2
البغدادي	الكندي	3
الدمشقي	العقيلي	2
الاندلس	بيروت	2
الانصاري	الدمشقي	2
البصرة	حران	2
القرطبي	اليمن	4
القاءد	المغرب	2
الاموي	الحساب	2
السوسي	الصوفي	2
الازدي	المقريء	4
الامير	الشام	15
القاضي	جور	3
البغدادي	الشيعي	6
الجزيرة	واسط	2
البغدادي	الوراق	13
الطبري	القاضي	5
الكلابي	المحدث	2
الاشعري	الشافعي	2
التميمي	مكة	2
الكوفة	مكة	9
النقاش	مصر	3
الماسرجسي	مصر	2
الشاعر	بخارى	2
الامير	الروم	5
البيرة	القيروان	2
قيسارية	قيسارية	2
المحدث	فارس	6
الاديب	الاندلسي	6
اصبهان	حران	2
البغدادي	الصفار	6
الانصاري	الهروي	2
البصري	الدمشقي	2
الازدي	الهروي	2
الاديب	امل	2
العلوي	بغداد	3
الجوهري	المصري	7
السامي	الهروي	3
بغداد	حلب	11
التاجر	امل	2
بغداد	دارا	5
الشام	العبدي	2
خراسان	طرابلس	2
القطان	الواسطي	2
القاضي	القمي	2
الاندلس	طرابلس	4
خراسان	فارس	4
الصوفي	شيراز	2
البغدادي	الشيباني	4
البغدادي	الشاعر	11
الحاكم	القيروان	2
الاصبهاني	التيمي	5
البغدادي	بلخ	2
الطاءي	دمشق	4
الاموي	القرطبي	14
البغدادي	الكوفي	3
بخارى	نيسابور	21
الشام	سجستان	3
الشيرازي	فارس	3
الاصبهاني	الثقفي	8
الصيدلاني	المصري	2
البهنسي	المصري	2
المدينة	المقريء	2
الاموي	الزهراء	3
بلخ	مكة	2
البغدادي	المولي	22
الدمشقي	خراسان	2
الصوفي	واسط	2
الرحال	خراسان	2
الاندلس	مكة	7
الاموي	الاندلسي	16
المغرب	بغداد	7
بغداد	طرابلس	8
الجزيرة	الكاتب	2
المديني	طرابلس	2
الامير	الكلابي	2
الحاكم	مصر	11
المحدث	الواعظ	3
الثقفي	خراسان	3
الحربي	السمسار	2
المفتي	هراة	2
الامير	الموصل	3
الحاكم	المولي	6
الجهني	المولي	2
الزجاج	الشاهد	2
الكوفة	المدينة	2
البيهقي	الشافعي	2
الازدي	المولي	3
الاهواز	الصوفي	2
البغدادي	القواس	3
البصري	الموصل	2
البصري	دمشق	6
الروم	دمشق	5
الفقيه	المفتي	8
الري	مصر	9
اصبهان	الفقيه	8
الحجاز	حلب	2
الموصلي	دمشق	3
بخارى	سجستان	2
المتولي	المولي	2
الحنفي	خراسان	4
الشافعي	العسكري	2
الشاعر	الكوفة	4
الشافعي	هراة	4
البغدادي	الدوري	6
المفسر	مصر	3
الحجاز	اليمن	5
البغدادي	الصدوق	9
القطان	بغداد	5
الحاكم	الموصل	2
اللغوي	مصر	2
التمار	الفقيه	2
حران	فارس	2
المحدث	واسط	4
حمص	مكة	3
الخادم	المولي	6
الموصل	نسا	3
البزاز	القاضي	2
الجيزة	مصر	4
الموصلي	بغداد	12
الرافضي	العبيدي	3
المءيد	المعافري	2
السامري	النحوي	2
الحجاز	المروزي	2
السراج	بغداد	2
الواعظ	دمشق	5
الشاعر	القاهرة	2
المءدب	المقريء	8
الرازي	الشام	2
الصوفي	جرجان	4
الدمشقي	الضرير	3
الجزيرة	مصر	11
القزويني	فارس	2
الزهراء	طليطلة	2
افريقية	الامير	2
الدمشقي	القاضي	7
النيسابوري	مكة	17
الشاعر	خراسان	3
الاندلسي	قرطبة	30
بلخ	همذان	2
البزاز	المقريء	4
الاهواز	الشام	3
الشيعي	القيروان	2
طرابلس	فسا	2
المحدث	المغرب	3
القرطبي	قيسارية	2
بست	مصر	2
الاستراباذي	بخارى	3
الاديب	البصري	2
الجبال	العراق	3
التغلبي	الشام	3
البغدادي	الظاهري	3
النيسابوري	نيسابور	50
القرطبي	المقريء	2
الدمشقي	المقريء	27
البصري	المنقري	2
الكوفة	المولي	6
السند	المقريء	2
الاموي	طرابلس	2
البغدادي	المزني	2
الاديب	اللغوي	4
القدس	طرسوس	2
الاصبهاني	جرجان	2
الطالقان	قزوين	2
البيروتي	المقريء	2
الشافعي	النجار	2
الزيات	القرطبي	3
القرطبي	مكة	10
البغدادي	العباسي	7
الازدي	اللغوي	2
الشافعي	المروزي	4
الليثي	المولي	2
المقريء	قرطبة	9
الاديب	طرابلس	2
سلمية	مصر	3
اصبهان	العراق	13
الطوسي	قزوين	2
المصري	المغربي	2
البصرة	المعتزلي	2
الغوطة	دمشق	2
اليهودي	مصر	3
الكوفة	الهاشمي	2
الحجاز	الكوفة	4
النيسابوري	نسا	3
الضبي	النيسابوري	3
الروم	طرسوس	2
الحلبي	بغداد	3
الفقيه	النساءي	3
سمرقند	مرو	4
الرقة	العراق	3
القزويني	القطان	2
القاضي	بلخ	3
اليمن	حمص	2
الصوري	المقريء	6
البارع	الحساب	2
الرملة	نيسابور	4
الرازي	الصوفي	8
القاضي	القسطنطينية	3
الفقيه	واسط	2
الحجاز	سمرقند	3
الكوفة	بيروت	2
الفراء	المصري	2
الحاكم	نسا	2
الطاءي	المولي	3
الاندلس	المولي	16
الوراق	دمشق	5
العبيدي	القاءد	2
الرومي	المولي	4
الشافعي	الكوفة	2
الشام	انطاكية	4
اصبهان	الضرير	2
اصبهان	عسقلان	2
الاندلس	الشاعر	7
الحاكم	الضبي	2
الشام	طبرية	3
الزيات	مصر	2
البخاري	مرو	2
الجزيرة	خراسان	5
البغدادي	المخرمي	3
التمار	المصري	3
الحميري	المصري	3
الباهلي	النيسابوري	2
بغداد	طبرية	3
الكاتب	دمشق	4
القدس	الكوفة	2
العراق	حلب	2
البغدادي	الصوفي	18
الثقفي	المءدب	2
الاشعري	المولي	2
المهلبي	جرجان	2
الجزيرة	مكة	2
المروزي	بخارى	7
الاموي	فارس	2
الكرخي	المولي	2
الواعظ	مكة	2
القرطبي	اللغوي	5
العراق	بلخ	2
الاشناني	المقريء	7
المءدب	النحوي	2
الحيري	خوارزم	2
بغداد	سامراء	3
اصبهان	هراة	2
التركي	الشام	2
العطار	مصر	2
افريقية	مصر	5
الباجي	باجة	2
الازدي	واسط	2
البخاري	همذان	2
الواعظ	مصر	5
الشافعي	جرجان	7
الاموي	المعافري	2
المطوعي	جرجان	2
البغدادي	التميمي	5
الحلبي	دمشق	4
التركي	دمشق	7
البخاري	الساماني	3
العراق	الهاشمي	2
الشاعر	مصر	7
الحاكم	الرملة	2
السمرقندي	الفقيه	4
المتكلم	المعتزلي	2
الاهواز	المقريء	6
البغدادي	النديم	3
الشافعي	النحوي	4
الزهراء	بغداد	2
الداري	داريا	2
الري	السجزي	2
الطوسي	مرو	2
المالكي	المقريء	5
التميمي	الضرير	3
المقريء	المولي	9
الاندلس	الجهني	2
الشام	الكوفي	5
الفقيه	ما وراء النهر	4
الازدي	الحنفي	2
المالكي	فارس	2
التميمي	همذان	2
بغداد	دمشق	51
الفسوي	طرابلس	2
الاهوازي	الدوري	2
الاصبهاني	الشافعي	3
نيسابور	هراة	9
طرابلس	فارس	4
الخطيب	نيسابور	2
الجرجاني	المءدب	2
اللغوي	الهروي	3
اصبهان	الاديب	4
التاجر	الشام	2
الدمشقي	القطان	2
القرطبي	اللءلءي	2
الحنفي	سمرقند	4
خراسان	سجستان	2
افريقية	المصري	2
المزكي	بغداد	3
الرازي	القاضي	5
الاسكندرية	بغداد	3
المدني	المدينة	3
العراق	المصري	8
الحكي	العلوي	2
الحداد	طرابلس	2
اصبهان	شيراز	3
الجبال	نيسابور	2
الشافعي	العراق	9
اصبهان	المدينة	3
المولي	مرو	2
الاصبهاني	مكة	9
بغداد	قزوين	3
الصدوق	النيسابوري	6
النصيبي	بغداد	2
البزار	البغدادي	3
المغربي	بغداد	2
اشبيلية	الاندلس	3
الاديب	البارع	3
الحلبي	المصري	2
الساكني	المقريء	2
التميمي	الفقيه	5
الفقيه	النيسابوري	40
اصبهان	الحجاز	6
المءدب	بغداد	4
القيرواني	المالكي	3
الحاكم	المروزي	5
الاندلس	التميمي	5
الحيري	الصوفي	2
الرازي	مكة	2
البخاري	بخارى	30
الاشعري	الاصبهاني	4
الرافضي	بغداد	2
الاخفش	الرملي	2
الاشبيلي	الاندلس	2
الشاعر	المحدث	2
المحدث	هراة	5
التميمي	بخارى	2
الاندلسي	الفقيه	12
المقريء	الهذلي	2
العبدي	طرابلس	2
الاندلسي	الرعيني	2
الدينوري	المقريء	6
البصري	المتكلم	4
خوارزم	نيسابور	3
البصرة	الوراق	2
البصرة	قيسارية	2
الشافعي	المصري	10
البصرة	التستري	2
الحيري	النيسابوري	11
الخزاعي	المقريء	8
المرادي	الوشقي	2
الاموي	مكة	2
اصبهان	المديني	2
الجوال	بغداد	2
الشاعر	قنسرين	2
الجوهري	الصعيد	2
الاهواز	الري	2
العراق	سجستان	4
البخاري	نيسابور	7
العراق	تدمر	2
الاندلسي	امل	2
البصرة	دمشق	11
الاسكندرية	الجيزة	3
الطالقان	فارس	2
الصوفي	المقريء	3
الجهني	مصر	2
طبرية	قيسارية	2
الاموي	البصرة	2
الثقفي	مصر	3
البخاري	المءذن	5
الحصري	الصوفي	2
الفسوي	بغداد	3
الاندلسي	النحوي	4
الهمذاني	حلب	2
الشيعي	الشيعي	6
الحنفي	النيسابوري	12
الري	الشاعر	3
الرازي	الشيعي	2
الرازي	مرو	2
البصرة	الري	9
الاصبهاني	النيسابوري	3
العباداني	بغداد	2
الرملي	الضرير	2
الاندلسي	الرحال	2
المقريء	مصر	45
امل	واسط	2
الشام	مصر	86
الاديب	الشاعر	17
الشيعي	النديم	2
الصفار	القزويني	2
البغدادي	السند	2
القاضي	المروزي	6
الدقاق	المقريء	3
النساءي	نسا	2
المقريء	واسط	4
التميمي	الشافعي	2
الاندلس	مصر	23
الاهواز	النيسابوري	3
البصري	بغداد	21
الشاشي	الفقيه	2
الحاكم	الشيباني	2
الصاءغ	الكوفي	2
البغدادي	النحوي	13
اصبهان	الشافعي	3
البغدادي	الحكي	2
البزاز	الهروي	2
الشاشي	بغداد	2
الشاعر	القلبي	3
القيروان	المصري	2
الجوال	مصر	3
الروم	الزهراء	2
المغرب	قرطبة	2
السامري	مصر	4
الزينبي	المقريء	7
الطبري	نيسابور	2
خراسان	سمرقند	6
التيمي	بغداد	2
الحجاز	العراق	17
النيسابوري	بلخ	3
الخادم	دمشق	4
الاندلس	الشام	9
القزويني	قزوين	5
الازدي	الشام	5
الري	جرجان	6
العراق	حمص	3
بخارى	مصر	8
الغزال	الفقيه	2
الاديب	مكة	3
الاديب	الشيعي	3
الطرسوسي	نيسابور	2
الشافعي	خراسان	5
العراق	القاهرة	2
التميمي	خراسان	3
القيروان	المحدث	2
الانطاكي	انطاكية	6
الرحال	الكلابي	2
حلب	طبرية	4
السلمي	المصري	2
المغربي	المولي	2
القاضي	طوس	3
الجعفي	المقريء	2
العراق	الهمذاني	2
الاديب	الاديب	2
العطار	دمشق	2
الحاكم	الري	5
الشاهد	المقريء	2
العقيلي	المولي	3
الحنفي	العراق	4
افريقية	فاس	2
المقريء	سامراء	2
البخاري	الحنفي	6
المدينة	خراسان	2
اصبهان	قيسارية	2
البصري	الشاعر	5
البصري	العبدي	2
الازدي	الصوفي	2
الحنفي	الفارسي	2
الامير	الحجاز	2
المهلبي	مصر	2
الطوسي	الكوفة	2
القرطبي	القيروان	7
الامير	الشيعي	3
اصطخر	الطالقان	2
الابهري	العراق	2
الفقيه	مكة	14
اللخمي	اليمن	2
البصرة	المدينة	5
القرشي	دمشق	8
الشام	قرطبة	2
الخزاز	بغداد	2
الاندلس	المغرب	5
المغربي	دمشق	4
دمشق	قيسارية	2
القرطبي	المءذن	4
الحنبلي	النجاد	3
البغدادي	الحربي	3
اللخمي	بغداد	2
المولي	سبتة	2
الاسكافي	بغداد	3
الكتاني	مصر	2
الرحال	الشام	3
الضرير	الفرغاني	2
المطوعي	النيسابوري	4
الشاعر	الضبي	2
الاخشيدي	المولي	6
المءرخ	المصري	2
الاهواز	البغدادي	4
القاضي	نيسابور	13
العراق	النيسابوري	14
الشافعي	مكة	9
المولي	سلمية	2
الازدي	بغداد	7
الحجاز	الصوفي	3
الازدي	الاندلس	2
المولي	الهمذاني	3
الكوفة	الوراق	2
المعتزلي	المقريء	4
القزويني	مصر	3
البخاري	الحجاز	2
القاضي	نسف	4
العلوي	مصر	6
القرشي	مصر	7
القاضي	القرشي	2
الاسكندراني	الفقيه	3
الطبراني	اليمن	2
الاسكندرية	حلب	2
الحاكم	الكوفة	4
البغدادي	الحذاء	5
الرقة	مصر	5
الري	الصوفي	7
البخاري	الجرجاني	2
الصوفي	قرطبة	2
الحربي	بغداد	2
التميمي	النيسابوري	6
الداري	الرملة	2
المحدث	طرابلس	4
القطان	فارس	2
الشافعي	المقريء	12
العبيدي	دمشق	4
الشام	المدينة	6
التاجر	مكة	2
الخادم	الرملة	2
الروم	المولي	4
الشيعي	سروج	2
الاندلس	الفقيه	11
البعلبكي	القاضي	3
الخوارزمي	امل	2
افريقية	الاندلسي	3
بغداد	فارس	20
المفتي	المفسر	2
اصبهان	بيروت	2
الشاعر	طرسوس	2
الجرجاني	مصر	5
الموصل	نيسابور	7
الحراني	المصري	3
استراباذ	القاضي	2
البزاز	الشام	4
الفقيه	الكندي	2
السعدي	المروزي	2
باجة	قرطبة	2
الخزاعي	الدمشقي	2
الرملة	القاءد	2
الشام	المصري	7
الرعيني	القرطبي	3
الحجاز	الحنفي	4
الطحاوي	الفقيه	4
الحاكم	السلمي	2
الامير	الجزيرة	2
السمسار	الهروي	2
التميمي	الشاعر	3
الثقفي	القرطبي	2
الرملة	حران	2
الاندلس	البغدادي	6
العقيلي	الموصل	3
اليمن	حلب	2
الشافعي	سجستان	2
البارع	دمشق	2
الحاكم	المصري	3
المري	دمشق	2
الاندلسي	الكلاعي	2
الكوفة	اللخمي	2
الصوفي	الفراء	2
الاصبهاني	الغسال	2
الصدفي	المصري	16
الكوفي	اللخمي	2
خراسان	مصر	15
النيسابوري	الهذلي	2
الفرغاني	دمشق	4
القزويني	دمشق	2
الاسكندرية	المغرب	4
الطاءي	بغداد	2
البغدادي	المروزي	5
الطحاوي	بغداد	2
الطبري	المتكلم	2
المفيد	مصر	2
التركي	الفرغاني	3
الشاهد	بغداد	3
الحيرة	النيسابوري	3
الدباغ	المصري	3
الخطيب	المولي	2
المعتزلي	المعتزلي	8
الحجاز	القرشي	2
الامير	التركي	4
الاندلس	الحاكم	2
البخاري	التاجر	2
فارس	مصر	13
القاضي	القرطبي	10
الافريقي	المصري	2
المكي	مصر	2
امل	حلب	2
الاديب	الطوسي	2
الصوفي	فارس	3
الشام	الفارسي	3
حلب	نيسابور	4
الامير	الحمامي	2
الشاعر	القرشي	2
البخاري	الصرام	2
حران	دمشق	6
اصطخر	بغداد	2
الخباز	المقريء	2
الضرير	الفقيه	5
الشام	المحدث	10
الرافضي	القلانسي	2
الهاشمي	بغداد	5
الحمامي	المقريء	3
الاموي	الفقيه	6
السمرقندي	مصر	2
الصوفي	العراق	6
الشام	المولي	21
اللغوي	المصري	2
الاندلسي	المءيد	4
قم	مصر	5
الاندلسي	الجهني	3
الخادم	مصر	5
الاصبهاني	الصفار	2
الديلم	بغداد	2
الطاءي	مصر	2
الباطني	القيروان	2
الاصبهاني	التاجر	6
الرقة	بيروت	2
الامير	الساماني	4
الاموي	بيروت	2
الجريري	الطبري	2
الشيرازي	القاضي	4
الاهواز	البصرة	11
الصفار	المحدث	2
الفقيه	حلب	2
الاندلس	الكوفة	2
السلمي	نيسابور	2
المصري	المطرز	2
القاضي	القاضي	7
الجذامي	القرطبي	2
الشاعر	المالكي	2
البصري	الشام	3
الحجاز	الفقيه	2
الرازي	المقريء	15
استجة	الاندلسي	5
البغدادي	القيروان	2
الفزاري	المولي	2
الشام	المصيصة	2
التغلبي	الشاعر	3
الافريقي	العبيدي	4
جوين	مصر	2
الشام	جوين	2
الحنفي	نيسابور	14
الري	المفسر	2
المقريء	النحاس	6
البصرة	جرجان	5
الاخباري	النديم	3
الشبلي	النيسابوري	2
البغدادي	الذهبي	2
خراسان	هراة	7
الاندلسي	الشام	3
الكلابي	دمشق	4
الامير	الغلام	2
اصبهان	مصر	17
القدس	عكا	2
النيسابوري	خوارزم	2
العراق	همذان	5
النحوي	نيسابور	2
الفارس	الموصل	2
البغدادي	الدقاق	20
الجوهري	المقريء	2
الموصل	شيراز	2
الشاعر	الشاعر	5
القاضي	الهروي	2
الصدوق	مصر	2
هراة	همذان	3
طليطلة	مصر	4
الاندلسي	دمشق	2
المولي	جرجان	2
الرقة	دمشق	4
البزاز	الهمداني	2
القاضي	جرجان	5
الدينوري	مصر	3
حمص	مصر	14
الحميري	الصنهاجي	2
المحدث	المدينة	2
الاصبهاني	الفقيه	8
البغدادي	القاضي	36
الكاغدي	المقريء	2
المغرب	فارس	3
الروم	الشام	6
دمشق	مرو	5
الشافعي	الماسرجسي	2
البغدادي	مصر	64
الحجاز	المحدث	5
القيرواني	مصر	2
الفقيه	المقريء	16
الامير	حمص	6
الفارسي	مصر	6
الاهواز	القاضي	3
الاموي	حلب	2
المولي	سامراء	2
الثقفي	الشام	2
الدينوري	الواعظ	2
الاخباري	الاندلسي	2
الاندلس	القاضي	6
البغدادي	الشاهد	7
الجرجاني	النيسابوري	2
الاندلسي	الخولاني	5
الشيباني	الكوفي	4
الشام	الواعظ	2
الرحال	الكوفة	4
البصرة	المالكي	4
الحاكم	حلب	2
المفسر	المقريء	5
الجرجاني	المهلبي	4
الاديب	الرازي	2
خوزستان	فارس	2
القدس	بيروت	2
الشام	القيروان	2
الطويل	امل	2
البصرة	قرطبة	3
البصري	المصري	3
الطوسي	بغداد	4
البصرة	الشام	9
الشافعي	الطويل	2
الشافعي	قرطبة	3
بلخ	مصر	2
الاصبهاني	فارس	4
الحاكم	اللغوي	2
الرقة	بغداد	3
الاعرج	النيسابوري	2
القاضي	دارا	3
الاخفش	المقريء	13
الاديب	المفتي	2
الاندلسي	التميمي	2
خراسان	طوس	3
المذكر	النيسابوري	5
الحمصي	الصفار	2
العراق	كرمان	2
الزهراء	طرابلس	2
الري	الطالقان	2
الحنبلي	بغداد	6
الاموي	امل	2
القرشي	المولي	7
الاخفش	الرازي	2
الكوفة	نسا	4
التغلبي	دمشق	3
خراسان	مرو	10
المدينة	بغداد	7
البغدادي	الحجاز	6
الكاتب	النيسابوري	4
الصيدلاني	النيسابوري	6
المروزي	نيسابور	10
العراق	الماسرجسي	2
التجيبي	المقريء	6
المحدث	بغداد	18
الاموي	الدمشقي	2
الاصبهاني	الضبي	3
الطوسي	مكة	3
الاندلس	العراق	7
الشاعر	المقريء	4
الحلبي	المقريء	7
الدينوري	الرقي	2
حران	واسط	2
الامير	قنسرين	2
الدينوري	طرابلس	2
الخولاني	القرطبي	3
الشاعر	المصيصة	2
الجزيرة	المالكي	2
الرملة	حوران	2
البارع	حران	3
الشاعر	اللغوي	5
الافريقي	المالكي	2
النقاش	دمشق	3
الحاكم	الشام	4
الفهري	القرشي	2
جرجان	فارس	4
الفارسي	الفسوي	2
افريقية	الجيزة	2
الدني	بغداد	3
المقريء	جرجان	6
الرملة	العبيدي	2
القدس	حلب	2
الاندلس	امل	2
الاسدي	همذان	2
القاضي	حلب	4
دمشق	مكة	15
المصيصة	حلب	2
الحجاز	القاضي	5
الخادم	الشام	3
المروزي	المولي	4
الحاكم	الحنفي	4
تدمر	مصر	2
حران	حمص	2
المصري	بغداد	15
الشاعر	النيسابوري	4
المقريء	الهاشمي	6
السلمي	دمشق	3
القطان	طرابلس	2
الصوفي	الطبري	2
الخشني	قرطبة	2
الاخشيدي	الشام	3
الخليلي	الرازي	2
الشيعي	المالكي	2
البصري	طرابلس	2
السراج	الشيباني	2
المولي	دمشق	50
الشاعر	الفقيه	7
اسفرايين	الاسفراءيني	4
المتولي	مصر	2
الشام	مكة	11
بخارى	فرغانة	2
البغدادي	الخياط	2
البصرة	نسا	3
اصبهان	الاصبهاني	26
التجيبي	القرطبي	4
الشافعي	مصر	21
النيسابوري	اليمن	2
البصرة	مرو	2
البصرة	التنوخي	2
البصرة	الضرير	2
العباسي	الهاشمي	15
البغدادي	البيع	2
العراق	اليمن	4
الصفار	بغداد	3
الامير	نيسابور	2
البصري	المحدث	3
العجلي	الكوفي	3
الشيعي	المرواني	2
الروم	المصيصة	2
سجستان	نيسابور	4
الجرجاني	بخارى	3
الامير	الغوطة	2
الاندلسي	المفتي	2
البغدادي	الفراء	2
الاموي	الشاعر	3
البزاز	الدمشقي	3
القاهرة	حلب	2
امل	نيسابور	6
ما وراء النهر	مصر	4
المولي	فاس	2
الحجاز	الشام	20
الاموي	البياني	2
بغداد	مرو	11
الرقة	واسط	2
الشافعي	المغرب	3
المدينة	مكة	2
الشام	القاءد	2
البغدادي	الخطيب	6
النحوي	خراسان	3
الجواد	الشاعر	2
الباطني	صقلية	2
الجوهري	دمشق	2
الشيباني	مصر	2
السكري	النيسابوري	2
العبدي	النيسابوري	3
الحجاز	القرطبي	2
القلعي	بغداد	2
الاخشيدي	دمشق	3
الاديب	النيسابوري	9
البغدادي	الهروي	3
الكاتب	النديم	2
الهروي	بغداد	6
بسطام	بغداد	2
المدينة	قيسارية	2
الرقة	عسقلان	2
اليمن	اليمني	2
البغدادي	الصيرفي	15
الشافعي	النسفي	2
الاندلسي	المقريء	4
البصري	فارس	2
الازدي	الموصلي	4
المحدث	الواسطي	5
الجبال	الحجاز	3
الاخشيدي	الحجاز	2
النيسابوري	واسط	3
الرملة	الهمذاني	2
البارع	المقريء	4
العراق	المحدث	6
الرملة	بغداد	12
الصيرفي	القاضي	2
الكتامي	دمشق	3
المدينة	دمشق	5
الفقيه	القزويني	5
الموصل	الموصلي	3
الحجاز	الهمذاني	3
الاسكندرية	القاضي	2
الفقيه	شيراز	3
الرازي	بلخ	2
امل	نسا	2
تنيس	دمياط	2
القرطبي	امل	2
المصري	تنيس	3
الالبيري	المغرب	2
الافريقي	الصنهاجي	2
القمي	سمرقند	2
البصرة	طبرية	2
الطالقان	الطالقان	2
العكبري	عكبرا	2
الدينوري	فارس	2
الري	الفقيه	11
البغدادي	الغلام	4
نسا	نيسابور	5
القيروان	المهدية	2
المصري	مصر	52
الكرخي	المقريء	2
الاندلس	البصرة	2
الري	سرخس	2
العلوي	الكوفي	2
المرادي	المصري	4
الهاشمي	نيسابور	2
الاسكندرية	الحجاز	2
العراق	بخارى	5
الاموي	الاندلس	19
الرازي	الكاغدي	2
الحاكم	الطوسي	2
الحجاز	الهمداني	2
البصرة	النيسابوري	7
الامير	بخارى	7
التنوخي	الدمشقي	3
التميمي	الجوهري	3
العراق	الغلام	2
الدمشقي	السلمي	5
الصدوق	المقريء	2
باجة	باجة	2
المولي	النحاس	2
القاضي	مكة	2
الدينوري	دمشق	2
التنيسي	السمرقندي	2
الكاتب	النحوي	2
البغدادي	المحاملي	2
النسفي	سمرقند	2
بغداد	نيسابور	49
الشام	طرسوس	2
الحنبلي	الشام	2
الاندلسي	البيرة	4
المصيصة	بغداد	2
الاندلسي	القيروان	8
التركي	حلب	2
الشام	المالكي	3
البغدادي	الفرضي	2
القرشي	نيسابور	4
المديني	بغداد	2
المتكلم	بغداد	3
الامير	امل	2
الكوفي	المولي	3
اصبهان	الري	13
الشاشي	خراسان	2
البزاز	الموصل	2
الحنبلي	دمشق	2
بغداد	واسط	21
الاموي	الامير	2
الاديب	المحدث	2
الصوفي	النهاوندي	2
البصري	الفقيه	3
المقريء	همذان	2
اصبهان	بخارى	3
القاضي	مصر	40
الاندلس	الشافعي	2
المولي	طرسوس	3
القاضي	بغداد	51
الامير	بغداد	13
الاندلس	المرواني	3
الحيرة	بغداد	2
القاضي	دمشق	21
الطبري	امل	4
بطليوس	قرطبة	5
الشام	الكلابي	2
الحنبلي	الخرقي	3
المطوعي	بغداد	4
الاندلس	الزهراء	5
البغدادي	الزجاج	3
الفامي	القزويني	2
الاصبهاني	الكاتب	2
الفيوم	مصر	3
البغدادي	العطار	13
الشيعي	الكاتب	4
المحدث	الهروي	2
الحجاز	مصر	21
القاءد	دمشق	2
الالبيري	قرطبة	3
الفقيه	انطاكية	2
النيسابوري	الواعظ	17
الكتامي	المولي	2
البطليوسي	بطليوس	2
الربعي	مصر	3
الكلابي	تبوك	4
الصواف	المقريء	4
المغربي	المقريء	3
الازدي	الجرجاني	2
الشافعي	دمشق	13
التغلبي	مصر	3
الجرجاني	الواعظ	2
القاضي	المدينة	4
الرازي	الشافعي	4
القاضي	المالكي	16
المصري	حلب	2
الربعي	الشافعي	2
النساءي	بغداد	3
الجرجاني	بغداد	13
الامير	طرابلس	2
الحجاز	المولي	8
الصوفي	دمشق	6
الشافعي	القصري	2
الهمذاني	بغداد	10
القاضي	المحدث	5
الافريقي	القيروان	4
البياني	المولي	2
التجيبي	المالكي	2
الاسكندرية	سلمية	2
القاضي	النيسابوري	11
البلدي	المقريء	2
النسفي	بخارى	3
الرافضي	واسط	2
خراسان	دمشق	9
القيروان	المغربي	3
السجستاني	سجستان	4
الشام	شيراز	3
حلب	حمص	6
الازدي	قرطبة	2
الواعظ	خراسان	4
البغدادي	واسط	4
الالبيري	طرابلس	4
سمرقند	نيسابور	7
اليمن	خراسان	3
الاهواز	القدس	2
الحاكم	الخطيب	2
الجرجاني	همذان	3
الداني	فارس	2
الامير	دمشق	29
القدس	مكة	3
البعلبكي	المقريء	2
الحجاز	سجستان	3
اللغوي	اليمن	3
السراج	الشاعر	2
البرذعي	بغداد	4
الموصلي	النحوي	2
المصيصي	بغداد	4
الزبيري	الشافعي	2
الرحال	بغداد	6
المالكي	قرطبة	5
القاضي	شيراز	6
اللخمي	طرابلس	2
العطار	المعتزلي	2
النحوي	هراة	2
الضرير	المالكي	2
الشاشي	ما وراء النهر	2
العكبري	مصر	2
الري	قزوين	5
الاديب	الاموي	4
دمشق	طبرية	7
الدمشقي	القرشي	14
الحاكم	دمشق	5
الاموي	الشام	2
الحنفي	المحدث	2
المعافري	المقريء	3
الترمذي	بغداد	3
الفقيه	القمي	2
القاضي	قرطبة	3
القرطبي	بجانة	2
البخاري	المولي	3
الفقيه	القصري	2
اللخمي	مصر	2
الطالقان	الطوسي	2
الامير	التميمي	2
الري	العراق	7
الاندلس	المصري	2
بيروت	مكة	3
المروزي	بغداد	13
القتباني	المصري	3
الاندلس	الشيعي	2
القيروان	مكة	6
الشاعر	القاضي	6
العراق	سمرقند	3
الحنفي	المزكي	2
السمرقندي	سمرقند	4
جرجان	نسا	3
الطبيب	مصر	2
الرازي	الري	13
الحاكم	النحوي	3
القاضي	المتنبي	2
الحاكم	المحدث	5
سلمية	طرابلس	2
الشافعي	المحدث	6
الحنفي	فرغانة	2
الديلمي	القاضي	2
التميمي	نيسابور	3
اصبهان	العسال	2
بخارى	خراسان	20
الفقيه	الكرخي	2
دمشق	عكا	2
البصرة	الحنبلي	2
الطبري	طبرستان	3
الشيرازي	الفقيه	3
الحمصي	مصر	3
الشاعر	حلب	9
الكوفة	حمص	4
الاشبيلي	المرادي	2
الشام	الموصل	6
المقريء	النحوي	23
الشافعي	الفقيه	89
الرملة	الصوفي	4
الحمصي	طرابلس	2
الحضرمي	المصري	5
الغافقي	مصر	4
النيسابوري	دمشق	10
المصري	حمص	2
القرطبي	بغداد	10
المغرب	قم	2
بغداد	همذان	16
الامير	القاضي	2
الاديب	الشافعي	3
الشاعر	القرطبي	3
حمص	طرسوس	2
الشاعر	الغوطة	2
الكوفي	بغداد	21
الرقي	فارس	3
العراق	حران	3
الاسكندري	المعافري	2
قم	نيسابور	2
الخطيب	المقريء	7
الدمشقي	فارس	2
الخراساني	بغداد	2
الاسدي	بغداد	2
المدينة	دارا	2
عكا	قيسارية	2
المولي	حمص	11
المطوعي	المقريء	6
القرشي	بخارى	2
اصبهان	البصرة	10
الرقة	مكة	2
الفاسي	فاس	2
الشيعي	المقريء	2
البغدادي	المحتسب	2
انطاكية	بغداد	5
الشام	المغربي	2
البغدادي	البغوي	3
حلب	فارس	2
اصبهان	الكوفة	5
الفقيه	قرطبة	8
الحجاز	دمشق	7
التاجر	النيسابوري	6
النيسابوري	مرو	6
طرابلس	مكة	12
المفسر	النيسابوري	2
الكوفة	اليمن	2
الخطيب	القاضي	4
الدقاق	بغداد	2
البستي	نيسابور	2
الري	نيسابور	20
الحبال	مكة	2
العبيدي	حمص	2
القرطبي	المالكي	15
الرازي	نيسابور	9
الشام	القاضي	10
الاندلسي	اللخمي	3
البغدادي	الكاتب	33
الدمشقي	مصر	16
البغدادي	نسف	2
الاموي	العراق	2
الحنبلي	الغلام	3
الري	القاضي	4
الجلاب	النيسابوري	2
الامير	واسط	6
الفقيه	القيروان	4
الحجاز	المقريء	4
المحدث	المروزي	4
الكاتب	المصري	2
التجيبي	قرطبة	3
البلخي	بلخ	9
البغدادي	التمار	4
الطاءي	المصري	2
النحوي	الهروي	3
الجواد	مصر	2
القرشي	المحدث	2
جرجان	همذان	3
بغداد	تستر	2
اصبهان	النيسابوري	7
الافريقي	الاندلس	2
الرافضي	الرافضي	2
الحجاز	جرجان	2
القرشي	النيسابوري	2
الامير	المغربي	2
بغداد	خوزستان	2
الشام	المهلبي	2
بغداد	قيسارية	2
العراق	المروزي	2
القاهرة	المهدية	2
الاندلسي	المرواني	3
البارع	اللغوي	2
التيمي	القاضي	2
اصبهان	حمص	3
الظاهري	مصر	3
البارع	النحوي	3
الاخباري	الشيعي	5
القاضي	الواعظ	2
الحذاق	المقريء	2
الطليطلي	المالكي	2
الجرجاني	العطار	2
البصري	النيسابوري	2
الشاعر	الموصلي	3
الحمصي	الطاءي	3
الذهلي	المولي	2
الصوفي	النيسابوري	13
الامير	الفارس	4
العراق	ما وراء النهر	6
المغرب	حلب	3
العراق	الفارس	3
فارس	قرطبة	2
الافريقي	الامير	2
الطابران	خراسان	3
الامير	فارس	4
الازدي	البصرة	2
الازرق	البغدادي	2
البغدادي	الضرير	10
البارع	قرطبة	2
الشام	المفيد	2
الرملة	مصر	21
الاندلسي	البصرة	2
العراق	الواعظ	4
المولي	امل	2
الاصبهاني	العسال	5
الرافضي	المصري	2
الاخشيدي	القاهرة	2
البغدادي	المحدث	5
تستر	مصر	2
الفقيه	سمرقند	6
البصري	الشافعي	3
المقريء	المقريء	96
الاصبهاني	بغداد	17
اليمن	واسط	2
الفقيه	بست	2
الاديب	الاصبهاني	2
العقيلي	دمشق	4
القاضي	بخارى	11
الاديب	القرطبي	4
النحوي	النيسابوري	4
العراق	نيسابور	22
الطرسوسي	المقريء	2
الازدي	العراق	3
الصوفي	خراسان	6
المدينة	فارس	4
العجلي	المقريء	8
العالي	بغداد	4
المصري	الهاشمي	3
السرقسطي	مصر	3
الاشعري	المتكلم	3
البغدادي	خراسان	6
اصبهان	الامير	4
البصرة	مكة	15
الاندلسي	بجانة	7
البجاني	بجانة	3
الفارس	فارس	8
الضراب	المصري	2
اللاذقية	المقريء	2
المصري	النقاش	2
البارع	القرطبي	3
المكي	مكة	6
المقريء	المكي	7
الكرامي	الواعظ	2
الاصبهاني	الشام	3
السرخسي	الشافعي	2
الفقيه	مرو	3
انطاكية	دمشق	5
الصيرفي	خراسان	2
القرطبي	قرطبة	17
اصبهان	الاهواز	5
الشافعي	المولي	10
الخطيب	بغداد	5
الاديب	الري	4
الاستراباذي	نيسابور	4
الكساءي	النحوي	2
البخاري	النيسابوري	3
الانباري	الشاعر	2
العراق	قزوين	2
اصبهان	المغربي	2
القسطنطينية	المالكي	2
الشافعي	الفارسي	3
طرابلس	ما وراء النهر	2
الديلمي	الري	2
البغدادي	المدينة	2
الحاكم	المءذن	2
الدني	فارس	2
البيهقي	الفقيه	2
الاموي	مصر	4
طرسوس	نيسابور	2
النصيبي	مصر	2
الدمشقي	الفزاري	3
القدس	نيسابور	3
المتولي	دمشق	2
الحنفي	الرازي	2
بغداد	مكة	45
البستي	القاضي	2
البصري	القاضي	6
الكوفي	المصري	2
الاندلس	دمشق	4
النيسابوري	حلب	2
الرازي	الرملي	2
المداءني	بغداد	2
خراسان	دارا	2
البخاري	التميمي	4
الامير	حلب	5
القرطبي	مصر	25
الشام	مرو	3
طرابلس	طرابلس	23
الاندلس	السند	2
الشام	الواسطي	3
الجزيرة	فارس	2
المقريء	مرو	2
المقريء	سمرقند	3
الاخشيدي	الاندلس	2
العبيدي	المهدية	2
الطرسوسي	طرسوس	2
خراسان	مكة	9
الفرضي	دمشق	2
العسكري	مصر	2
الشام	قم	2
العباسي	المصري	2
العبيدي	مصر	4
اللغوي	بغداد	6
الطالقان	الفقيه	2
انطاكية	فارس	2
البغدادي	الشام	19
الليثي	مصر	2
البصرة	التمار	2
الشام	اللغوي	4
الامير	ميافارقين	2
الانطاكي	دمشق	3
الاموي	الكوفة	2
العراق	المغربي	2
المولي	مكة	5
البصرة	طرابلس	2
البغدادي	الضبي	5
الفقيه	القرطبي	14
دمشق	شيراز	3
العراق	قم	2
الدمشقي	المءدب	3
الروم	القسطنطينية	3
البغدادي	فرغانة	2
الاندلسي	المراكشي	2
اليمن	نيسابور	3
الاصبهاني	الصوفي	6
الصوفي	الصوفي	27
النيسابوري	الوراق	6
الطوسي	نيسابور	3
المهدية	صقلية	2
الجيزة	المغرب	2
بخارى	نسف	2
البغدادي	الزعفراني	2
المالكي	بغداد	13
الدمشقي	الربعي	3
المصري	النحوي	7
البغدادي	الشيرازي	2
الموصل	واسط	3
المحدث	المصري	5
العراق	النحوي	4
حمص	واسط	2
الاندلسي	المغرب	2
الشافعي	بغداد	26
الرملة	الموصل	3
المقريء	الموصل	3
انطاكية	مصر	4
الاعرج	القرطبي	2
الري	الشام	4
الحبشي	الصوفي	2
العراق	المغرب	4
الازدي	مصر	9
الجرجاني	الغازي	2
الكرامي	النيسابوري	4
الرملة	الشام	12
البصرة	الكرخي	2
الجزيرة	المغرب	2
الاهواز	مصر	9
بخارى	هراة	2
الروم	المغرب	3
الشام	النحوي	5
المحدث	خراسان	9
المتنبي	دمشق	2
اليمن	سمرقند	2
بخارى	بلخ	6
المهدية	المولي	2
الفقيه	المولي	26
الدمشقي	العراق	4
البغدادي	السامري	3
الجرجاني	الري	2
الدمشقي	الرملي	2
اصبهان	نيسابور	19
الروم	القاضي	3
اشبيلية	قرطبة	5
الاندلسي	المحدث	5
المدينة	حلب	3
البصرة	خراسان	4
الموصل	اليمن	2
التركي	طرابلس	2
الاهواز	الطالقان	2
الامير	العباسي	6
البخاري	المروزي	4
الاستراباذي	سمرقند	4
الشيرازي	الصوفي	5
المءذن	مصر	3
المصري	المغرب	3
صقلية	طرابلس	2
افريقية	العبيدي	3
السوسي	المقريء	2
الهروي	خراسان	2
الشاعر	ميافارقين	2
الشام	الصوفي	22
اصبهان	دمشق	12
الانصاري	الفقيه	2
الربعي	بغداد	2
الصوفي	الفرغاني	3
المقريء	النيسابوري	22
الاصبهاني	النقاش	3
القيروان	طرابلس	8
الفقيه	بلخ	3
البصري	المعتزلي	6
البغدادي	التنوخي	4
التاجر	بغداد	4
الحنفي	القاضي	12
دمشق	فارس	8
البغدادي	الموصل	4
الدقاق	المولي	2
الرحال	الشاعر	2
الاديب	الخراساني	2
البصرة	المولي	10
الصوفي	بغداد	20
المحدث	طرسوس	2
العطار	المصري	2
البوشنجي	الصوفي	2
القاضي	همذان	6
الشام	القاهرة	3
الشاعر	تستر	2
المروزي	مصر	2
المقريء	فارس	21
الصوفي	الموصل	2
الروم	المالكي	2
الاشبيلي	قرطبة	6
البغدادي	الخرقي	5
الاسكندري	الاسكندرية	3
البغدادي	مكة	14
اصبهان	النحوي	3
الطالقان	خراسان	2
الالبيري	الخولاني	3
امل	مصر	2
الشعراني	النيسابوري	4
الاندلسي	القرشي	2
الاسكندرية	المولي	5
القاضي	القيروان	3
الامير	البصرة	4
البجلي	البغدادي	3
البغدادي	القزاز	3
الضرير	الواعظ	2
القاضي	فرغانة	3
الامير	الامير	2
التغلبي	العقيلي	2
العراق	النساءي	2
اصبهان	الطالقان	2
الاندلس	فاس	3
البغدادي	الخلال	7
الاستجي	الفقيه	2
الاندلس	المعافري	2
الرملي	المقريء	8
القيروان	المالكي	8
الطبري	بغداد	8
الري	الواعظ	3
حمص	قيسارية	2
الاسواني	الفقيه	3
البلخي	المعتزلي	2
الخطيب	مصر	3
العمري	بغداد	3
الشام	حوران	2
امل	قم	2
الشبلي	الصوفي	4
الحرشي	المصري	2
المفسر	المولي	2
الاموي	حمص	2
الطليطلي	الفقيه	3
البلخي	نيسابور	3
الدني	نيسابور	2
الامير	العبيدي	4
الصدفي	المولي	2
التيمي	المقريء	3
اصبهان	القدس	3
السلمي	المولي	4
الكوفة	نيسابور	9
البصرة	القاضي	8
الاديب	النحوي	4
الحاكم	الصدوق	2
الفرضي	الفقيه	3
القاهرة	المدينة	2
الحاكم	القاءد	2
القاضي	فارس	7
الاندلس	طليطلة	3
الرحال	نيسابور	2
الحلبي	القاضي	3
الخادم	الصوفي	2
الشام	الفقيه	8
الحاكم	همذان	2
المولي	قرطبة	9
الشافعي	القاضي	17
البغدادي	قرطبة	4
الشاعر	المصري	4
دمشق	مصر	70
الاخشيدي	المغرب	3
الشيرازي	المقريء	3
حلب	طرسوس	3
الصوفي	الواعظ	4
الزهراء	الشيعي	2
البزاز	العراق	2
الدني	المدينة	2
المكي	بغداد	3
القدس	دمشق	7
الطبراني	اللخمي	2
الحيري	نيسابور	4
الاندلسي	المري	3
الاشعري	بغداد	2
الدينوري	النحوي	2
الحاكم	القاضي	5
الاديب	التميمي	2
الاسدي	الدمشقي	2
الصعيد	مصر	3
الجلاب	دمشق	2
الاشبيلي	اللخمي	2
الاديب	بغداد	12
افريقية	الافريقي	8
القضاعي	المصري	2
المحدث	حلب	2
مكة	هراة	5
الطبري	مصر	3
الاصبهاني	الذكواني	3
الدمشقي	المري	5
الاهواز	مكة	3
المحتسب	المقريء	2
النيسابوري	جرجان	6
البغدادي	العبدي	2
الاهواز	المعتزلي	2
الاستراباذي	مصر	2
الضرير	المطوعي	2
البياني	القرطبي	3
القاضي	واسط	2
الجري	الصوفي	2
القاضي	النحوي	4
الرافضي	بسطام	2
بخارى	ما وراء النهر	6
الطحاوي	مصر	4
البغدادي	الفقيه	27
المغرب	مصر	13
الكاتب	بغداد	12
الحجاز	الرحال	2
بيروت	حلب	2
الحجاز	الري	5
المقريء	ما وراء النهر	3
الحجاز	الكاتب	2
شيراز	فارس	7
الاصبهاني	المءذن	3
افريقية	مكة	2
المءذن	المقريء	2
الطحاوي	المصري	5
الامير	الكاتب	4
النيسابوري	فسا	2
المدينة	نيسابور	4
الجبال	مكة	2
الفقيه	المالكي	43
البعلبكي	بعلبك	2
الحلبي	حلب	6
افريقية	القيروان	4
البصرة	المحدث	6
الاصبهاني	دمشق	4
الثقفي	القدس	2
البارع	الفقيه	2
الجزيرة	الحجاز	6
اصبهان	المخزومي	2
البغدادي	المءدب	9
السمسار	المقريء	2
الالبيري	المحدث	2
الزهراء	المءيد	2
الفقيه	طرسوس	2
التميمي	دمشق	5
الجزيرة	الشاعر	2
الحاكم	الصوفي	8
البغدادي	الشعيري	3
السلمي	الهروي	2
القرطبي	المءدب	2
المصري	مكة	3
الباطني	الشيعي	2
اليهودي	دمشق	2
الخراج	مصر	2
الرملة	الروم	4
الاشقر	مكة	2
الري	الشافعي	7
المصري	الوراق	2
الداني	المقريء	5
البغدادي	الخزاعي	4
الكوفة	مرو	3
الانطاكي	بغداد	3
النجاد	بغداد	2
الرقة	المولي	3
المهلبي	بغداد	3
الوراق	مصر	2
الحنفي	جرجان	2
الظاهري	القاضي	4
الاصبحي	الاندلسي	2
بغداد	تنيس	3
الشاعر	العراق	2
المولي	حران	2
الاسكندرية	العراق	3
النيسابوري	حران	2
البغدادي	الرقة	3
الامير	المغرب	3
الاسكندرية	دمشق	2
الخطيب	الفقيه	3
البصرة	حلب	2
الوراق	مكة	2
القرشي	المقريء	4
اصبهان	الاسفراءيني	2
الفارسي	الفقيه	4
الفراء	النيسابوري	2
العالي	المولي	3
بغداد	قرطبة	8
المصري	فارس	3
الاندلس	المءيد	5
بلخ	نسف	2
اصبهان	المقريء	15
بغداد	بلخ	6
المحدث	النحوي	2
الاموي	الشيعي	2
الانطاكي	فارس	3
الرملة	المغرب	3
الطوسي	خراسان	2
البستي	بست	2
الانصاري	النيسابوري	4
الفارسي	القاضي	2
الازدي	النحوي	6
الحنفي	مصر	8
الدمشقي	النصري	3
اصبهان	اليمن	4
المقريء	نيسابور	8
الربعي	دمشق	4
الطوسي	الفقيه	5
الشاعر	الفتي	2
بغداد	عكا	2
الرقي	الشام	2
بيروت	دمشق	2
البلنسي	بلنسية	2
المولي	بغداد	41
القاضي	المقريء	6
النسفي	مكة	2
الكوفة	هراة	4
القرشي	الكاتب	2
التميمي	الحنبلي	2
البغدادي	الربعي	3
الرملة	اليهودي	2
التاجر	المغرب	2
الفقيه	المغربي	5
حلب	مكة	4
الرازي	قزوين	2
الشاعر	المهلبي	2
البلنسي	القاضي	2
البغدادي	دمشق	36
الحنفي	مرو	2
العراق	اللغوي	2
البغدادي	الجزيرة	3
الضبي	الكوفة	3
المقريء	الوراق	2
الاسدي	الصفار	2
الجريري	مكة	2
الجبال	الري	2
بخارى	بغداد	17
العراق	خراسان	21
السراج	المصري	3
المحدث	مكة	11
القطان	نيسابور	2
الذكواني	الهمداني	3
الزهراء	القاضي	3
الضبي	الهروي	4
الحلبي	مصر	3
الامير	العقيلي	4
العكبري	بغداد	2
المستملي	بغداد	2
الكوفة	منبج	2
السواق	المقريء	2
الحمصي	دمشق	2
الكرخي	بغداد	6
القرطبي	المعافري	8
الاصبهاني	بخارى	3
الخولاني	الفقيه	3
الهاشمي	دمشق	3
اصبهان	امل	2
القسطنطينية	قرطبة	2
الاسفراءيني	نيسابور	2
القاضي	مراغة	2
سجستان	مصر	3
الرملة	انطاكية	2
الحنفي	المروزي	3
الاديب	المالكي	3
الحمار	دمشق	2
القرطبي	النحوي	14
التميمي	الكوفي	6
بغداد	كرمان	2
الاصبهاني	القطان	4
الكوفة	الكوفي	12
المصري	خراسان	4
الاصبهاني	حران	2
البغدادي	الصواف	4
الصيرفي	الكندي	4
التميمي	العراق	5
المحدث	بخارى	4
الرملة	خراسان	2
الرحال	المحدث	8
اصطخر	الري	2
الجرجاني	الشام	4
افريقية	المالكي	3
الامير	الصلي	2
الخشاب	المصري	2
المصري	جوين	2
افريقية	الصنهاجي	2
تنيس	دمشق	2
العراق	واسط	6
المحدث	سمرقند	3
السكري	المقريء	2
سمرقند	مكة	2
العلوي	المصري	2
الشام	القرطبي	4
الحنفي	الشام	2
التجيبي	المصري	9
الشافعي	مرو	3
الرقة	الكوفة	2
المهلبي	فارس	2
المروزي	خراسان	5
الرقي	بغداد	2
الاديب	البستي	2
الحاكم	بخارى	4
الفقيه	خراسان	13
الخلال	الفقيه	5
العراق	مرو	2
البغدادي	بغداد	58
البصرة	المغرب	2
الري	اللغوي	2
افريقية	المولي	2
الاستراباذي	القاضي	2
المغرب	المولي	10
الرافضي	الزبيدي	2
ابهر	الابهري	2
الحنفي	الطحاوي	4
الشافعي	المروروذي	2
الشافعي	القزويني	3
العقيلي	المكي	2
اصبهان	المولي	4
الاندلسي	اللغوي	2
الامير	السلمي	2
الاصبهاني	الغزال	2
بغداد	طوس	4
الري	فرغانة	2
النحوي	حلب	5
الصوفي	المخرمي	2
الزينبي	الهاشمي	2
الامير	سمرقند	2
مرو	مكة	6
البغدادي	سمرقند	4
الجهني	قرطبة	2
القاضي	المغرب	6
الفقيه	النحوي	9
الدمشقي	الشاعر	2
اليمن	فارس	2
التركي	حمص	3
العراق	زنجان	2
الكوفة	شيراز	3
الغلام	المقريء	2
بغداد	طبرستان	2
القاضي	هراة	3
البصرة	البغدادي	16
القرطبي	القيسي	11
البغدادي	المعتزلي	4
الفقيه	الكوفي	4
القاءد	المولي	5
الحاكم	طبرستان	2
الخفاف	النيسابوري	3
العراق	بغداد	38
الاهواز	دمشق	3
التنيسي	تنيس	4
الشام	ما وراء النهر	4
الشيرازي	المالكي	2
امل	طبرستان	4
الري	بلخ	3
الرملة	مكة	5
الري	النيسابوري	12
الحنبلي	اليمن	3
الجزري	الشاعر	2
البغدادي	الخراز	3
البغدادي	الزهري	2
الاشبيلي	الزبيدي	2
الطبراني	قيسارية	2
الانباري	الشيعي	2
الذهبي	مصر	2
الشافعي	ما وراء النهر	3
الاموي	البغدادي	2
الاهواز	بيروت	2
العمري	النيسابوري	2
العطار	بغداد	2
الاصبهاني	المقريء	17
البلوي	القرطبي	3
حران	مصر	5
حلب	مصر	20
الكلبي	قرطبة	2
البزاز	النيسابوري	5
التميمي	جرجان	2
الكوفة	بغداد	36
الحاكم	مرو	3
المقريء	الهمداني	3
الكوفة	قيسارية	2
الثقفي	دمشق	3
اصبهان	الطبراني	2
البغدادي	السراج	5
المغرب	طرابلس	8
النيسابوري	امل	2
القاضي	طرسوس	2
الاديب	المزكي	2
البغدادي	الرملة	7
حران	مكة	4
الخطيب	الدمشقي	3
الشام	الفسوي	3
البغدادي	شيراز	2
النيسابوري	بخارى	6
البغدادي	التاجر	2
المولي	واسط	7
بخارى	سمرقند	11
العراق	امل	2
البغدادي	الكتاني	2
افريقية	طرابلس	2
البجلي	الكوفي	2
الحنفي	بخارى	10
الاسفراءيني	العراق	3
الاسود	المولي	2
العراق	دمشق	16
الرقي	الضراب	2
الرملة	القدس	2
الاسفراءيني	الشام	3
الحجاز	بخارى	8
القدس	عسقلان	3
الاصبهاني	المحدث	6
الحنبلي	الحنبلي	6
الاهواز	النقاش	2
العراق	عمان	2
البلخي	المولي	3
القيروان	مصر	10
البزاز	البغدادي	37
الجيزة	القاءد	3
الفقيه	اللغوي	3
الازدي	الموصل	2
الفقيه	بخارى	7
الاندلس	الرازي	2
الجبال	الشام	3
الصدوق	نيسابور	2
الفارس	المدينة	2
التمار	المالكي	2
اصبهان	واسط	5
الحاكم	الشافعي	6
الجرجاني	سمرقند	2
الجوهري	الخطيب	2
اصبهان	الشاعر	2
البغدادي	البلخي	2
الاخباري	النيسابوري	2
الشافعي	فارس	5
قرطبة	مصر	12
الكوفة	النيسابوري	6
الهمذاني	مكة	2
الاموي	الحاكم	2
الدينوري	الشام	3
حلب	شيراز	2
الدمشقي	الشاهد	3
المقريء	المنبجي	2
الثقفي	المديني	2
البغدادي	الطاهري	3
القاءد	القاهرة	2
السرخسي	خراسان	2
الاندلسي	القلعي	2
الاديب	الامير	3
الاصبهاني	السلمي	2
الاصبهاني	الجمال	2
الحاكم	المقريء	6
الهمذاني	فارس	4
الوراق	جرجان	2
القاضي	الهمذاني	3
الفقيه	المغرب	4
البصرة	البصري	13
الاديب	المعتزلي	3
السراج	المقريء	2
تاهرت	قرطبة	2
الرحال	دمشق	3
المهدية	مصر	3
البغدادي	الري	3
الاهواز	عسقلان	2
المقريء	الواسطي	13
الحلبي	المولي	4
اصبهان	همذان	3
بخارى	دمشق	3
قيسارية	مصر	4
اصبهان	سجستان	2
الابهري	الاصبهاني	2
الاديب	الكاتب	5
الهروي	نيسابور	2
العالي	دمشق	3
الشيعي	المفيد	2
الشام	همذان	2
الدمشقي	حمص	2
الكاتب	فارس	2
الفقيه	بلنسية	2
العراق	المدينة	3
البغدادي	الرزاز	2
الاصبهاني	القاضي	6
الخلال	المقريء	2
بيروت	حمص	4
فارس	قيسارية	2
المعتزلي	بغداد	7
البصرة	الموصل	5
التميمي	بغداد	5
نيسابور	واسط	2
الحمال	المقريء	2
الاستراباذي	اليمني	2
الفقيه	الكوفة	4
البيرة	المري	2
ما وراء النهر	مكة	2
الدمشقي	الشام	11
اصبهان	الثقفي	2
بخارى	طوس	2
المصري	دمياط	2
التجيبي	المولي	5
الشام	العراق	47
البغدادي	السمسار	8
الديلمي	بغداد	4
العراق	القيروان	2
الجيزة	سلمية	2
المحدث	مرو	4
طرسوس	مصر	3
الحاكم	طوس	2
المقريء	سجستان	2
مكة	نيسابور	22
الاندلس	الوراق	2
البصري	المولي	3
الصفار	النيسابوري	3
التغلبي	حلب	3
الشافعي	المفسر	3
النيسابوري	طوس	2
الازدي	القاضي	8
القزويني	المالكي	2
الوراق	طرابلس	4
بجانة	قرطبة	4
الاندلسي	المالكي	6
البغدادي	اللغوي	2
الثقفي	المولي	6
العجلي	المولي	2
المقريء	طرسوس	3
القيرواني	النحوي	2
المدني	مصر	3
مرو	مروالروذ	2
الاصبهاني	المءدب	5
الفارسي	طرابلس	4
الصيرفي	المقريء	2
التاجر	الجرجاني	3
الغلام	الفقيه	2
الاموي	قرطبة	8
الاندلسي	البجاني	12
الرعيني	قرطبة	2
خراسان	همذان	2
الحاكم	الشاعر	5
العباداني	دمشق	2
الاندلس	الكناني	2
المصري	الواعظ	2
بغداد	حران	7
مرو	هراة	3
العراق	القزويني	3
التركي	الغلام	2
دمشق	طرابلس	6
السهمي	المصري	3
الصلي	المولي	2
البصرة	القرشي	2
الفقيه	القصار	2
السلمي	الصوفي	2
البلخي	دمشق	2
الدمشقي	الغساني	5
القاءد	مصر	4
فارس	واسط	3
الطالقان	المصيصي	2
الاندلس	البياني	2
دارا	نيسابور	2
الاندلسي	بغداد	7
الاهواز	امل	2
السلمي	المقريء	6
الاديب	نيسابور	7
القاضي	الواسطي	2
الجرجاني	المحدث	2
الري	المقريء	6
الانطاكي	الشام	5
الاندلسي	الشاعر	9
النوبة	بغداد	3
الاهواز	نيسابور	3
الشافعي	المتكلم	2
الامير	خراسان	4
الشافعي	الطوسي	2
البغدادي	نيسابور	6
المءيد	قرطبة	4
التجيبي	مصر	3
اللغوي	النحوي	11
الاندلسي	القاضي	3
الاخباري	اللغوي	2
الثقفي	بخارى	2
التاجر	القاضي	2
بغداد	سجستان	5
الخادم	حلب	2
الفهري	المصري	2
الثقفي	الفقيه	2
السرخسي	القاضي	3
القزاز	بغداد	2
السكري	المصري	3
النيسابوري	رباط	2
الشام	سمرقند	3
الامير	الحاكم	4
البصرة	شيراز	3
العلوي	المدني	3
الكوفة	مصر	20
الفقيه	طرابلس	2
الاصبهاني	الحنظلي	2
الحنفي	ما وراء النهر	2
الجيزة	المولي	3
الشام	النيسابوري	8
البروجردي	بغداد	2
المفسر	نيسابور	2
المغرب	دمشق	2
الشاعر	واسط	3
دمشق	سامراء	2
المءدب	المصري	4
الحجاز	خراسان	11
الشام	الكوفة	10
الفامي	النيسابوري	2
الرافضي	مصر	3
الحاكم	خراسان	10
الخطيب	الشافعي	4
الفقيه	نسف	2
اصبهان	جرجان	7
غزة	مصر	2
الاهواز	الموصل	6
المالكي	الهاشمي	2
البغدادي	الفارسي	5
القاهرة	طرابلس	2
الشام	بغداد	46
الفرضي	قرطبة	2
الانصاري	بغداد	4
المقريء	حلب	6
المصيصة	طرسوس	2
الموصل	مصر	14
القرطبي	المولي	24
التميمي	قرطبة	4
الكوفة	المقريء	5
المحدث	نيسابور	9
البيهقي	العجلي	2
العباداني	مصر	2
الاشقر	النيسابوري	3
الصيرفي	المصري	3
الاستجي	الاندلسي	7
البغدادي	القطان	11
الدمشقي	المفسر	3
الاسفراءيني	مصر	3
المصري	المقريء	26
الفارس	نيسابور	2
العراق	القرشي	2
الري	المدينة	3
مصر	نيسابور	21
البخاري	بغداد	15
المالكي	المالكي	11
البارع	بغداد	5
البزاز	القرطبي	3
الازدي	الكاتب	2
الرقي	دمشق	4
المولي	حلب	9
الحجاز	القاهرة	2
الشاعر	طبرستان	2
القاهرة	المولي	3
الجرجاني	السهمي	2
الحجاز	همذان	2
الطليطلي	المقريء	4
بست	بغداد	3
اشبيلية	اللخمي	2
الرازي	خراسان	4
الامير	الرحال	2
استراباذ	الاستراباذي	3
الاصبهاني	المولي	8
البغدادي	القرطبي	2
التنوخي	القاضي	2
المدينة	المولي	2
البصرة	القدس	3
الكساءي	المقريء	5
الماليني	هراة	2
دمشق	قرطبة	3
القاضي	المكي	2
النيسابوري	مصر	18
اردبيل	بغداد	2
الحنفي	المفتي	2
دمشق	واسط	5
الاندلسي	الزهراء	2
العطار	القرطبي	2
الاندلس	المهدية	2
القرشي	خراسان	2
العنبري	النيسابوري	3
الحمصي	حمص	3
البصري	طبرية	2
الرقة	الرقي	2
الجزيرة	نيسابور	3
الهاشمي	شيراز	2
المغرب	واسط	3
النحوي	فارس	2
الاهواز	البصري	3
العالي	مصر	3
الثقفي	السراج	3
العراق	المالكي	6
الحداد	القيروان	2
البجاني	الفتي	2
الاديب	حلب	2
البخاري	المقريء	6
اصبهان	طرابلس	4
العالي	العراق	2
البغدادي	الثقفي	4
الموصل	هراة	2
الماسرجسي	دمشق	2
الاديب	المصري	2
الجوهري	بغداد	5
البخاري	خراسان	5
المدينة	مرو	2
السجزي	مكة	2
الرقة	الشام	3
امل	بغداد	4
الاستراباذي	الصوفي	2
الروم	بغداد	3
الانصاري	دمشق	2
الكشي	بغداد	2
التغلبي	الموصل	4
الاديب	دمشق	2
الامير	الكوفة	2
الطبري	الفقيه	6
القاضي	الليثي	2
الجزيرة	بغداد	2
الحراني	الطبيب	2
البغدادي	الجصاص	3
الازدي	البغدادي	8
بست	نيسابور	4
البغدادي	السكري	6
البصري	التميمي	2
الافريقي	مصر	2
السرخسي	نسف	2
البصرة	حمص	2
الانصاري	البغدادي	3
القاضي	بلنسية	2
الهروي	هراة	15
القرطبي	المرواني	2
البخاري	البغدادي	3
الشاعر	المتنبي	6
حلب	طرابلس	6
الشيباني	بغداد	10
الطليطلي	مصر	4
البخاري	العراق	2
المفتي	الهروي	2
الحجاز	المدينة	5
بغداد	نسا	10
بغداد	عسقلان	3
الفقيه	المصري	26
الكوفة	جرجان	3
البصرة	الصوفي	3
الحاكم	السراج	3
العراق	فارس	9
البيرة	قرطبة	5
اسوان	مصر	2
المزكي	نيسابور	5
السراج	نيسابور	2
الاندلس	الحاجب	2
بغداد	منبج	2
الاندلس	القرشي	3
الجرجاني	القاضي	4
البزاز	دمشق	2
البصري	المروزي	2
الفقيه	القرشي	5
الهمذاني	همذان	11
الكوفي	دمشق	2
التاجر	مصر	5
القاضي	الكرخي	2
حران	نيسابور	3
الحجاز	النيسابوري	7
الجرجاني	القرشي	2
الاندلس	بجانة	3
الاملي	البغدادي	2
الاصم	النيسابوري	2
الصعيد	المصري	2
الاديب	البصرة	4
الرقة	الموصل	2
البغدادي	الجلاب	2
بخارى	مرو	12
الاندلس	الطليطلي	2
بغداد	قم	4
العلاف	المقريء	2
الخليلي	القزويني	4
الاديب	هراة	2
النحوي	طرابلس	2
الاندلس	الخشني	2
الداني	مصر	2
الاخشيدي	المصري	2
اليمن	دمشق	4
السلمي	خراسان	2
الشيباني	نيسابور	4
الصيرفي	بغداد	3
الافريقي	المولي	3
الامير	البخاري	5
الشافعي	واسط	2
طرابلس	نيسابور	4
الربعي	القاضي	2
الشاعر	الكاتب	8
البغدادي	بخارى	7
القاضي	سمرقند	3
المالكي	المغرب	7
البصرة	المصري	3
طبرية	مصر	2
الامير	المصري	3
الشام	دارا	2
الدمشقي	الهمداني	2
الاموي	القيروان	3
الاسدي	القاضي	3
الزيدي	العلوي	2
الفارسي	النحوي	3
حمص	فارس	2
المولي	خراسان	5
برقة	طرابلس	2
الشاعر	النحوي	7
المقريء	دمشق	27
اصبهان	الحاكم	4
اصبهان	التميمي	2
الفقيه	همذان	2
البصرة	الرحال	2
الانطاكي	الشاعر	2
الواسطي	مصر	2
العبدي	بغداد	2
سمرقند	هراة	4
النحوي	فسا	2
الاسدي	الخطيب	2
الحبشي	الخادم	2
البخاري	الحاكم	5
الرقة	المقريء	3
الشافعي	الفرضي	2
المولي	خوزستان	2
الطوسي	المحدث	3
البزار	مصر	2
الاهواز	واسط	4
الرافضي	المولي	3
الاخباري	البغدادي	4
الحجاز	السلمي	2
الكوفة	طبرية	2
المقريء	النهاوندي	2
الاديب	جرجان	3
الازدي	الاندلسي	2
البياني	قرطبة	2
العقيلي	مكة	3
الشاعر	الشيعي	4
المقريء	قزوين	3
الازدي	الاهواز	2
القدس	فارس	3
الشاعر	دمشق	7
الفقيه	القاضي	33
الري	فارس	5
الافريقي	المهدية	2
الشام	قيسارية	4
القاضي	الهمداني	2
القيرواني	المغرب	3
اصبهان	مكة	10
العمري	نيسابور	2
العجلي	نيسابور	2
البغدادي	جرجان	2
الري	سمرقند	4
السجستاني	نيسابور	2
الضبي	المحاملي	3
البصري	القطان	2
المولي	قم	2
الدمشقي	الطاءي	2
الشام	صور	2
الري	مرو	6
الري	الصدوق	2
الاصبهاني	الواعظ	4
الاندلس	قرطبة	31
السعدي	طرابلس	2
الدمشقي	بغداد	7
الثقفي	النيسابوري	5
الحنفي	الموصل	2
الطليطلي	طليطلة	2
الجمحي	المءذن	2
البغدادي	العلاف	3
الضبي	القاضي	3
افريقية	الاندلس	4
الابيض	الامير	2
الكاتب	المولي	7
الشافعي	الشام	4
الجوال	الرازي	2
المقريء	مكة	10
الاديب	البخاري	2
النيسابوري	هراة	5
الكتامي	اليمن	2
اصبهان	خوزستان	2
الاخشيدي	العبيدي	2
الطبري	المقريء	2
التميمي	المقريء	4
الامير	الطبري	2
الشبلي	بغداد	3
البصرة	مصر	18
الحريري	بغداد	3
الاموي	المرواني	5
الانصاري	المقريء	4
الخزان	طرابلس	2
الحاكم	بلخ	2
الساماني	بخارى	4
العلوي	النيسابوري	2
الاهواز	المحدث	2
الكوفة	حلب	7
المولي	اليهودي	4
الروم	حلب	4
الانماطي	الهمداني	2
الكوفي	المقريء	15
الشام	اليهودي	2
الاندلس	الجزيرة	2
افريقية	الاسكندرية	2
النحوي	قيسارية	2
الرازي	الواعظ	2
الاسكندرية	القاءد	2
الامير	العراق	5
الاهواز	خراسان	2
السهمي	الشيعي	2
المهدية	طرابلس	2
الشيعي	العراق	2
البغدادي	السقطي	4
البخاري	الشافعي	3
الري	هراة	6
البيرة	بجانة	3
الاخشيدي	طرسوس	2
البستي	الفقيه	2
البصري	النحوي	3
الشيعي	القاضي	4
حلب	خراسان	2
الدني	قيسارية	2
القاضي	طبرية	2
التيمي	الكوفي	4
الشام	الشيباني	2
الري	دمشق	5
الاهواز	المولي	2
النساءي	مصر	2
المولي	بخارى	4
الاموي	النحوي	2
المعافري	مكة	4
الخولاني	المصري	13
الانطاكي	الحاكم	2
طبرستان	نيسابور	3
الجرجاني	الوراق	3
الجوهري	مصر	5
اصبهان	الزعفراني	3
السجزي	نيسابور	3
الفارسي	نيسابور	6
بغداد	بيروت	3
الاموي	القاضي	2
الحرشي	الحيري	2
الاديب	الشام	3
بخارى	جرجان	2
القزويني	النساج	3
الانصاري	مكة	2
الاديب	القاضي	3
الجرجاني	المقريء	6
الجريري	بغداد	3
الفقيه	المفسر	3
الروم	قرطبة	2
الاندلس	المقريء	10
الشاعر	المولي	6
الاسواني	المصري	2
النهاوندي	بغداد	3
الشعراني	المقريء	3
البزاز	الكوفي	3
الخليلي	الفقيه	2
الفقيه	هراة	4
الدارمي	الشاعر	2
القاضي	المصري	13
المقريء	بيروت	3
الوراق	بغداد	8
الاديب	المفسر	4
المءدب	مصر	3
المءدب	دمشق	3
المولي	انطاكية	3
الحنفي	المفسر	2
التميمي	الحجاز	2
الطالقان	بغداد	2
الموصل	قم	2
خراسان	نسا	3
اصبهان	الرملة	2
السلمي	مرو	2
حمص	عكا	2
دمشق	طرسوس	2
المءذن	النسفي	2
الاسدي	البخاري	2
الفتي	المالكي	3
الشافعي	الضرير	3
الاسواني	المالكي	4
الموصلي	ما وراء النهر	2
المقريء	الموصلي	4
القاضي	خراسان	8
البصرة	المقريء	19
اصبهان	الطبري	2
المتكلم	النيسابوري	2
الشيرازي	شيراز	5
النقاش	بغداد	3
شيراز	مصر	3
الكوفة	فارس	4
الاشعري	البصري	2
بغداد	جرجان	14
الاخشيدي	مصر	6
الثقفي	نيسابور	3
المديني	المصري	2
الانباري	المقريء	2
الاصبهاني	المديني	5
الشيرازي	نيسابور	3
الشام	حران	2
المغرب	طرسوس	2
الصوفي	هراة	4
الاسكندرية	المقريء	5
الانصاري	القاضي	2
الاصبهاني	طرابلس	4
الجزيرة	العراق	12
الافريقي	الرافضي	3
الغازي	النيسابوري	2
البخاري	الوراق	2
الابيض	المقريء	2
الاخباري	الكاتب	4
المولي	نيسابور	9
الباطني	المهدية	2
الدينوري	بغداد	5
نيسابور	همذان	5
الكوفة	طوس	3
الجرجاني	الفقيه	17
الطبري	دمشق	5
الديلمي	العراق	4
الري	المطوعي	2
بغداد	دمياط	2
القاضي	طبرستان	2
المتنبي	المولي	2
الجيزة	القاهرة	2
الشام	القدس	4
الرازي	المحدث	2
الرازي	العراق	3
الزهراء	المدينة	2
الخياط	المقريء	3
الاديب	مصر	6
النيسابوري	فارس	3
المالكي	المدينة	3
البصرة	الضبي	2
بغداد	تدمر	2
القزاز	المقريء	4
العراق	جرجان	3
الديلمي	المولي	2
الشافعي	نيسابور	9
المصري	دمشق	11
الاصبهاني	خراسان	2
الشافعي	الشافعي	11
الاشبيلي	الاندلسي	3
المعتزلي	نسف	2
الضرير	العسكري	2
الرازي	مصر	10
الشاعر	المغرب	2
المءذن	المحدث	3
الفقيه	بعلبك	2
الصوفي	بخارى	2
الاخفش	الدمشقي	4
التميمي	المدينة	2
التركي	مصر	8
البغدادي	السلمي	3
التيمي	المولي	2
العراق	الفقيه	22
الشام	الفارس	2
الشاعر	حمص	3
الحنفي	بلخ	3
المحدث	المفتي	2
الاهواز	هراة	2
العراق	نسا	2
الزينبي	بغداد	2
المغرب	المهدية	2
اللخمي	المالكي	2
المهلبي	سمرقند	2
الجرجاني	الحجاز	2
الاصبهاني	الهمداني	8
المدينة	مصر	7
الجعفي	الكوفي	2
بخارى	همذان	3
القاضي	نسا	2
اصبهان	الجبال	3
الاديب	الهروي	4
الاندلس	القاهرة	3
العلوي	المدينة	3
المولي	النيسابوري	8
الساماني	سمرقند	2
المالكي	المولي	10
العطار	المقريء	4
البغدادي	فارس	8
الصنعاني	مكة	2
القزويني	بغداد	4
الشافعي	سمرقند	2
الشام	الطبري	2
الواعظ	بخارى	2
الشاعر	الصوفي	3
البغدادي	سامراء	6
العراق	الموصل	5
القيروان	بغداد	5
طبرية	مكة	2
الفقيه	المحدث	9
الموصل	جرجان	4
الثقفي	العراق	2
الشيعي	بغداد	5
البغوي	بغداد	3
الباطني	طرابلس	2
صور	مكة	2
البغدادي	المهلبي	3
القرطبي	طليطلة	6
الهروي	مكة	4
الموصل	فارس	2
الدمشقي	دمشق	19
المصري	المعافري	3
مصر	نسا	4
الصوفي	الفقيه	2
العجلي	الفقيه	3
الرازي	بغداد	17
الحراني	بغداد	3
الثقفي	بغداد	5
زنجان	همذان	2
العباسي	بغداد	2
السلمي	مصر	2
الحجاز	الرملة	4
البصري	التمار	4
الشاشي	الشاعر	2
الصباغ	المقريء	8
الضبي	المولي	3
الاموي	المءيد	3
الاصبهاني	الكساءي	3
التاجر	نيسابور	5
حلب	واسط	2
البصرة	الكوفة	14
المزكي	النيسابوري	14
الحساب	قرطبة	3
الواعظ	نيسابور	12
التاجر	المولي	3
طرابلس	طليطلة	2
الاندلسي	المغربي	2
الذهلي	النيسابوري	2
الدمشقي	المولي	24
العجلي	بغداد	4
العسكري	المقريء	2
القرشي	بغداد	5
الازدي	الفقيه	2
الحمامي	بغداد	2
الحكي	الصوفي	3
الهاشمي	مصر	8
البخاري	الفقيه	7
الشيعي	مصر	4
اليمن	مصر	10
الجزيرة	القاضي	2
الضرير	الهروي	2
القاضي	مرو	2
تنيس	قرطبة	2
الجريري	الصوفي	2
السلمي	الشام	2
الاصبهاني	مصر	7
الشام	اليمن	9
النيسابوري	همذان	5
الاهوازي	المقريء	6
حران	منبج	2
بيروت	حران	2
الغافقي	القرطبي	4
الاندلس	المحدث	3
بست	سمرقند	2
الاندلس	الفاسي	2
الكلبي	المقريء	2
الحبال	المقريء	2
الصوفي	مرو	7
الدمشقي	الطراءفي	2
الشام	الهمذاني	2
الشافعي	قم	2
الكاتب	المهلبي	2
الرحال	النيسابوري	4
الامير	المتولي	2
الكوفة	حران	4
المصري	ما وراء النهر	2
البارع	الشاعر	2
فارس	قزوين	3
الفارسي	خراسان	2
الجبال	طرابلس	4
البصرة	الفقيه	10
الاندلسي	القيسي	5
الاندلس	القيرواني	3
الجوهري	القاضي	4
امل	جرجان	2
الشام	خراسان	14
الفقيه	قزوين	2
الحنفي	الفقيه	26
الدهان	النيسابوري	3
المدينة	قرطبة	2
الحذاء	المصري	2
المفتي	النحوي	2
القرطبي	الهند	2
الاستراباذي	جرجان	6
البغدادي	حلب	7
الجبال	خراسان	2
الاشعري	القاضي	2
الشافعي	الصوفي	2
قرطبة	مكة	8
الاموي	المصري	3
الضرير	المقريء	23
البزاز	الجزيرة	2
الفقيه	دمشق	15
الاهواز	الرقة	2
امل	خوارزم	2
رية	قرطبة	2
الرقي	المقريء	6
دمشق	صور	2
الري	طرابلس	4
الطبري	المولي	3
الاديب	الرحال	2
البخاري	نسف	5
القاضي	الكوفة	8
البلخي	نسف	2
البغدادي	النجاد	4
الامير	الحاجب	3
الغافقي	طرابلس	2
الازدي	الدمشقي	6
الحنفي	الري	3
الدمشقي	الفقيه	4
الاسكندرية	المهدية	2
البروجردي	القاضي	2
حمص	دمشق	12
الفارسي	فارس	2
المروزي	بلخ	4
الجرجاني	الرحال	2
الشافعي	الطبري	4
الاموي	المولي	20
الطبري	طبرية	4
الاخباري	الاديب	8
الحاكم	النيسابوري	35
المحاملي	بغداد	2
طليطلة	قرطبة	3
الامير	مصر	17
الاديب	المولي	3
البطليوسي	قرطبة	3
الشيعي	المعتزلي	3
القرشي	مكة	2
النحوي	دمشق	2
المغرب	سلمية	2
الصدفي	مصر	3
الشام	الهمداني	3
البخاري	الكرابيسي	2
الاستراباذي	بغداد	2
المصري	المولي	33
الصوفي	نسا	2
الازدي	المهلبي	5
الري	همذان	7
المصري	النحاس	3
القاضي	طرابلس	2
الماسرجسي	النيسابوري	7
الخادم	طرابلس	2
العراق	المقريء	8
الحساب	المقريء	4
حلب	ميافارقين	3
الصوفي	النوري	2
البصرة	الشافعي	11
اصبهان	التاجر	4
المحدث	المولي	9
الموصل	بغداد	18
الاديب	الروم	2
التميمي	نسف	2
الكوفي	النحوي	4
القاضي	المولي	39
اصبهان	البغدادي	7
العراق	الكاتب	4
البغدادي	المصري	10
القاضي	اللخمي	2
الاديب	النديم	3
الفسوي	مصر	2
العبدي	مصر	2
الخزاعي	النيسابوري	3
الواعظ	مرو	2
البصري	الحنفي	2
البجاني	القيروان	2
الفقيه	المروزي	5
الخولاني	المولي	2
القرطبي	طرابلس	8
البخاري	سمرقند	5
الفقيه	بغداد	55
الامير	الطاءي	2
البصري	المقريء	7
الشافعي	بخارى	4
الاستراباذي	الحنفي	2
القاضي	انطاكية	3
البصرة	اليمن	3
الشام	المغرب	5
الهمداني	مصر	4
الاهواز	جرجان	4
الاهواز	حمص	2
المءذن	بغداد	3
العلوي	دمشق	3
دمشق	نيسابور	11
بغداد	ما وراء النهر	4
الاديب	الاندلس	9
البرذعي	مكة	3
الامير	الشاعر	10
الامير	الجزري	2
الكرابيسي	النيسابوري	6
الاستراباذي	فارس	2
القمي	فرغانة	2
الحلبي	حمص	2
الفارسي	فسا	2
بغداد	شيراز	9
القدس	قيسارية	2
الاهواز	بغداد	13
القرطبي	اللخمي	8
الرملة	الشافعي	4
الكوفة	خراسان	3
امل	تدمر	2
الاخفش	الضرير	2
الري	الموصل	3
الشيرازي	مصر	2
النحوي	مكة	4
الاهواز	الحاكم	2
التاجر	العراق	2
الشام	المقريء	14
اللغوي	خراسان	2
الحمصي	الكندي	2
الخلال	الغلام	2
البصرة	هراة	3
الظاهري	بغداد	3
المهدية	سلمية	3
القرطبي	المفتي	3
حلب	قيسارية	2
الحبال	المصري	2
المقريء	الملطي	3
الدمشقي	المحدث	5
الشام	نيسابور	18
الصيرفي	سمرقند	2
اصبهان	خراسان	5
الجوهري	الفقيه	3
الاموي	القرشي	2
الزعفراني	المقريء	2
البخاري	القاضي	7
البغدادي	اليمن	5
الموصل	المولي	3
الرازي	بخارى	3
الهروي	دمشق	2
التميمي	الدمشقي	8
الشافعي	الهمذاني	3
الرازي	الفقيه	5