source	target	weight
Badr al-Dīn Ḥusayn 913	ibnat ʾimraʾat Ḥusayn 1037	1
Baktamur Jullaq 220	Fāṭima 2402	1
Baktamur Jullaq 220	Khawand bint Ṣuruq 4312	1
Baktamur Jullaq 220	ʾIbrāhīm b. al-Muʾayyad Shaykh 217	1
Baktamur Jullaq 220	ʾIsfandiyār b. ʾAbī Yazīd 3392	1
Barsbāy al-Bajāsī 894	Birdibak al-ʾAshrafī 901	1
Barsbāy al-Bajāsī 894	Yūnus al-ʾĀqbāy  862	1
Barsbāy al-Bajāsī 894	Zaynab bt. Ḥasan b. Khāṣṣ Bak 1239	1
Barsbāy al-Bajāsī 894	al-Nāṣirī Muḥammad 81	1
Barsbāy al-Bajāsī 894	al-ʾAshraf Barsbāy 24	1
Barsbāy al-Bajāsī 894	al-Ẓāhir Jaqmaq 2	1
Barsbāy al-Bajāsī 894	zawjat al-ʾAshraf ʾĪnāl 1115	1
Baybughā al-Muẓaffarī 74	Jānibāk al-Ḥamzāwī 291	1
Baybughā al-Muẓaffarī 74	Timrāz al-Nāṣirī 1003	1
Bint Birdibak 2245	Khadīja bint ʾĀqṭuwah  3959	1
Bint Birdibak 2245	Khawand bint ʾĀqbughā al-Dawādār 4053	1
Bint Birdibak 2245	Shāh Zādah bint Ibn ʿUthmān 2983	1
Bint Birdibak 2245	al-ʾAshraf ʾĪnāl al-ʾAjrūd 846	1
Bint Birdibak 2245	ʾĀqṭuwah al-ʾAshrafī 3957	1
Bint Dawlāt Bāy al-Muʾayyadī 4160	Dawlāt Bāy al-Muʾayyadī 273	1
Bint Dawlāt Bāy al-Muʾayyadī 4160	Jān Sūz* al-Jārkasīya 2407	1
Bint Kurtbāy 2242	Bint Sulaymān b. Dulghādir 2779	1
Bint Kurtbāy 2242	Fāṭima bint Zayn al-Dīn ʿAbd al-Bāsiṭ b. Khalīl 3085	1
Bint Kurtbāy 2242	Jarbāsh Qāshiq al-Karīmī 51	1
Bint Kurtbāy 2242	Kamāl al-Dīn b. al-Bārizī 99	1
Bint Kurtbāy 2242	Mughul bint al-Bārizī 319	1
Bint Kurtbāy 2242	Nafīsa bt. Muḥammad Bak 562	1
Bint Kurtbāy 2242	Shāh Zādah bint Ibn ʿUthmān 2983	1
Bint Kurtbāy 2242	Sūdūn al-Muḥammadī 3164	1
Bint Kurtbāy 2242	Zaynab bt. Jarbāsh Qāshiq 555	1
Bint Kurtbāy 2242	ʾUzbak min Ṭuṭukh al-Sāqī 876	1
Bint Qānī Bāy 3719	al-Ẓāhir Jaqmaq 2	1
Bint Sulaymān b. Dulghādir 2779	Birdibak al-ʾAshrafī 901	1
Bint Sulaymān b. Dulghādir 2779	Fāṭima bint Zayn al-Dīn ʿAbd al-Bāsiṭ b. Khalīl 3085	1
Bint Sulaymān b. Dulghādir 2779	Jarbāsh Qāshiq al-Karīmī 51	1
Bint Sulaymān b. Dulghādir 2779	Kamāl al-Dīn b. al-Bārizī 99	1
Bint Sulaymān b. Dulghādir 2779	Mughul bint al-Bārizī 319	1
Bint Sulaymān b. Dulghādir 2779	Nafīsa bt. Muḥammad Bak 562	1
Bint Sulaymān b. Dulghādir 2779	Shāh Zādah bint Ibn ʿUthmān 2983	1
Bint Sulaymān b. Dulghādir 2779	Sūdūn al-Muḥammadī 3164	1
Bint Sulaymān b. Dulghādir 2779	Yashbak min Mahdī al-Ẓāhirī 2291	1
Bint Sulaymān b. Dulghādir 2779	Yūnus al-ʾĀqbāy  862	1
Bint Sulaymān b. Dulghādir 2779	Zaynab bt. Jarbāsh Qāshiq 555	1
Bint Sulaymān b. Dulghādir 2779	al-ʾAshraf Qāytbāy 2290	1
Bint Sulaymān b. Dulghādir 2779	ʾUzbak min Ṭuṭukh al-Sāqī 876	1
Bint al-Malik al-Manṣūr Muḥammad 4497	Bint al-Malik al-Manṣūr Ḥājjī 2408	1
Bint al-Malik al-Manṣūr Muḥammad 4497	Bint al-ʾAmīr Damurdāsh 4154	1
Bint al-Malik al-Manṣūr Muḥammad 4497	Ibnat Timurbāy al-Ḥasanī  4109	1
Bint al-Malik al-Manṣūr Muḥammad 4497	ʾUmm Bayram 4103	1
Bint al-Malik al-Manṣūr Muḥammad 4497	ʾUmm Fāṭima 4102	1
Bint al-Malik al-Manṣūr Muḥammad 4497	ʾUmm Muḥammad b. Taghrī Birdī 4098	1
Bint al-Malik al-Manṣūr Muḥammad 4497	ʾUmm Qāsim b. Taghrī Birdī 4095	1
Bint al-Malik al-Manṣūr Muḥammad 4497	ʾUmm Yūsuf b. Taghrī Birdī 4100	1
Bint al-Malik al-Manṣūr Muḥammad 4497	ʾUmm ʾIbrāhīm b. Taghrī Birdi 4097	1
Bint al-Malik al-Manṣūr Muḥammad 4497	ʾUmm ʾIsmāʿīl b. Taghrī Birdī 4099	1
Bint al-Malik al-Manṣūr Muḥammad 4497	ʾUmm Ḥamza b. Taghrī Birdī 4096	1
Bint al-Malik al-Manṣūr Muḥammad 4497	ʿUmar b. al-ʿAdīm al-Ḥalabī 4173	1
Bint al-Malik al-Manṣūr Muḥammad 4497	Ḥāj Malak bt. Ibn Qarā 2426	1
Bint al-Malik al-Manṣūr Ḥājjī 2408	Bint al-ʾAmīr Damurdāsh 4154	1
Bint al-Malik al-Manṣūr Ḥājjī 2408	Ibnat Timurbāy al-Ḥasanī  4109	1
Bint al-Malik al-Manṣūr Ḥājjī 2408	ʾUmm Bayram 4103	1
Bint al-Malik al-Manṣūr Ḥājjī 2408	ʾUmm Fāṭima 4102	1
Bint al-Malik al-Manṣūr Ḥājjī 2408	ʾUmm Muḥammad b. Taghrī Birdī 4098	1
Bint al-Malik al-Manṣūr Ḥājjī 2408	ʾUmm Qāsim b. Taghrī Birdī 4095	1
Bint al-Malik al-Manṣūr Ḥājjī 2408	ʾUmm Yūsuf b. Taghrī Birdī 4100	1
Bint al-Malik al-Manṣūr Ḥājjī 2408	ʾUmm ʾIbrāhīm b. Taghrī Birdi 4097	1
Bint al-Malik al-Manṣūr Ḥājjī 2408	ʾUmm ʾIsmāʿīl b. Taghrī Birdī 4099	1
Bint al-Malik al-Manṣūr Ḥājjī 2408	ʾUmm Ḥamza b. Taghrī Birdī 4096	1
Bint al-Malik al-Manṣūr Ḥājjī 2408	ʿUmar b. al-ʿAdīm al-Ḥalabī 4173	1
Bint al-Malik al-Manṣūr Ḥājjī 2408	Ḥāj Malak bt. Ibn Qarā 2426	1
Bint al-Muʾayyad 2930	al-Muʾayyad Shaykh 12	1
Bint al-Nāṣir Faraj 3884	Nafisāʾ bint al-Muʾayyad 3809	1
Bint al-ʾAmīr Damurdāsh 4154	Ibnat Timurbāy al-Ḥasanī  4109	1
Bint al-ʾAmīr Damurdāsh 4154	ʾUmm Bayram 4103	1
Bint al-ʾAmīr Damurdāsh 4154	ʾUmm Fāṭima 4102	1
Bint al-ʾAmīr Damurdāsh 4154	ʾUmm Muḥammad b. Taghrī Birdī 4098	1
Bint al-ʾAmīr Damurdāsh 4154	ʾUmm Qāsim b. Taghrī Birdī 4095	1
Bint al-ʾAmīr Damurdāsh 4154	ʾUmm Yūsuf b. Taghrī Birdī 4100	1
Bint al-ʾAmīr Damurdāsh 4154	ʾUmm ʾIbrāhīm b. Taghrī Birdi 4097	1
Bint al-ʾAmīr Damurdāsh 4154	ʾUmm ʾIsmāʿīl b. Taghrī Birdī 4099	1
Bint al-ʾAmīr Damurdāsh 4154	ʾUmm Ḥamza b. Taghrī Birdī 4096	1
Bint al-ʾAmīr Damurdāsh 4154	ʿUmar b. al-ʿAdīm al-Ḥalabī 4173	1
Bint al-ʾAmīr Damurdāsh 4154	Ḥāj Malak bt. Ibn Qarā 2426	1
Bint ʾAḥmad ibn al-sulṭān Ḥasan 2887	ʾAḥmad b. al-Sulṭān Ḥasan 1694	1
Birdibak al-ʾAshrafī 901	Yashbak min Mahdī al-Ẓāhirī 2291	1
Birdibak al-ʾAshrafī 901	Yūnus al-ʾĀqbāy  862	1
Birdibak al-ʾAshrafī 901	Zaynab bt. Ḥasan b. Khāṣṣ Bak 1239	1
Birdibak al-ʾAshrafī 901	al-ʾAshraf Qāytbāy 2290	1
Birdibak al-ʾAshrafī 901	zawjat al-ʾAshraf ʾĪnāl 1115	1
Birdibak al-Ẓāhirī al-Bajmaqdār 1091	Khalīl b. al-Nāṣir Faraj 672	1
Birdibak al-Ẓāhirī al-Bajmaqdār 1091	Khayrbak al-Bahlawān al-ʾAshrafī 2240	1
Birdibak al-Ẓāhirī al-Bajmaqdār 1091	Shaqrāʾ bt. al-Nāṣir Faraj 2487	1
Damurdāsh al-Muḥammadī 67	ʾAkhū Damurdāsh 4156	1
Dawlāt Bāy al-Muʾayyadī 273	Jān Sūz* al-Jārkasīya 2407	1
Duqmāq al-Muḥammadī 2218	al-ʾAshraf Barsbāy 24	1
Dāwud b. al-Kuwayz 203	Maḥmūd b. al-Shihāb 3882	1
Dāwud b. al-Kuwayz 203	Muḥammad b. ʿUmar b. Ḥijjī 545	1
Dāwud b. al-Kuwayz 203	Nāṣir al-Dīn b. al-ʿAttār 1222	1
Dāwud b. al-Kuwayz 203	al-Shihābī b. al-ʿAṭṭār 3378	1
Dāwud b. al-Kuwayz 203	al-Ẓāhir Jaqmaq 2	1
Dāwud b. al-Kuwayz 203	zawjat Kamāl al-Dīn b. al-Bārizī 1519	1
Fakhr al-Dīn b. al-Muzawwiq 1438	Muḥammad Bak b. Dulghādir 556	1
Fakhr al-Dīn b. al-Muzawwiq 1438	Nafīsa bt. Muḥammad Bak 562	1
Fakhr al-Dīn b. al-Muzawwiq 1438	ʾaṣhār Jānibak al-Ṣūfī 1141	1
Fakhr al-Dīn b. ʾAbi l-Faraj 214	Khawand 1116	1
Fakhr al-Dīn b. ʾAbi l-Faraj 214	Khawand Khadīja 631	1
Fakhr al-Dīn b. ʾAbi l-Faraj 214	Khawand Zaynab 3597	1
Fakhr al-Dīn b. ʾAbi l-Faraj 214	Manjak 4454	1
Fakhr al-Dīn b. ʾAbi l-Faraj 214	Quṭlubāy 1074	1
Fakhr al-Dīn b. ʾAbi l-Faraj 214	Saʿādāt 1365	1
Fakhr al-Dīn b. ʾAbi l-Faraj 214	ʾAlṭunbughā al-Qurmushī 221	1
Fakhr al-Dīn b. ʾAbi l-Faraj 214	ʾAḥmad b. Tanam 435	1
Fakhr al-Dīn b. ʾAbi l-Faraj 214	Ṭūghān al-Ḥasanī 40	1
Fāṭima 2402	Khawand bint Ṣuruq 4312	1
Fāṭima 2402	ʾIsfandiyār b. ʾAbī Yazīd 3392	1
Fāṭima bint Zayn al-Dīn ʿAbd al-Bāsiṭ b. Khalīl 3085	Jarbāsh Qāshiq al-Karīmī 51	1
Fāṭima bint Zayn al-Dīn ʿAbd al-Bāsiṭ b. Khalīl 3085	Kamāl al-Dīn b. al-Bārizī 99	1
Fāṭima bint Zayn al-Dīn ʿAbd al-Bāsiṭ b. Khalīl 3085	Mughul bint al-Bārizī 319	1
Fāṭima bint Zayn al-Dīn ʿAbd al-Bāsiṭ b. Khalīl 3085	Nafīsa bt. Muḥammad Bak 562	1
Fāṭima bint Zayn al-Dīn ʿAbd al-Bāsiṭ b. Khalīl 3085	Shāh Zādah bint Ibn ʿUthmān 2983	1
Fāṭima bint Zayn al-Dīn ʿAbd al-Bāsiṭ b. Khalīl 3085	Sūdūn al-Muḥammadī 3164	1
Fāṭima bint Zayn al-Dīn ʿAbd al-Bāsiṭ b. Khalīl 3085	Zaynab bt. Jarbāsh Qāshiq 555	1
Fāṭima bint Zayn al-Dīn ʿAbd al-Bāsiṭ b. Khalīl 3085	ʾUzbak min Ṭuṭukh al-Sāqī 876	1
Fāṭima bt. Qujqār 1238	Fāṭima bt. al-Ẓāhir Ṭaṭar 3387	1
Fāṭima bt. Qujqār 1238	Julbān al-Hindī 260	1
Fāṭima bt. Qujqār 1238	Shāh Zādah bint Ibn ʿUthmān 2983	1
Fāṭima bt. Qujqār 1238	bint Yashbak al-ʾAʿraj 3784	1
Fāṭima bt. al-Ẓāhir Ṭaṭar 3387	Julbān al-Hindī 260	1
Fāṭima bt. al-Ẓāhir Ṭaṭar 3387	Shāh Zādah bint Ibn ʿUthmān 2983	1
Fāṭima bt. al-Ẓāhir Ṭaṭar 3387	bint Yashbak al-ʾAʿraj 3784	1
Hājar bint Manklī Bughā al-Shamsī 1558	Shīrīn al-Rūmīya 2741	1
Hājar bint Manklī Bughā al-Shamsī 1558	zawjāt al-Ẓāhir Barqūq 3966	1
Hājar bint Manklī Bughā al-Shamsī 1558	ʾArdu 3970	1
Hājar bint Manklī Bughā al-Shamsī 1558	ʾUkht Muḥammad b. al-Ṭūlūnī 4483	1
Hājar bint Manklī Bughā al-Shamsī 1558	ʿAbd al-Raḥmān b. Manklī Bughā 1745	1
Hājar bint Manklī Bughā al-Shamsī 1558	Ḥāj Malak bt. Ibn Qarā 2426	1
Hājir bint Taghrī Birdī 2747	Yūsuf b. Taghrī Birdī 924	1
Ibnat Timurbāy al-Ḥasanī  4109	ʾUmm Bayram 4103	1
Ibnat Timurbāy al-Ḥasanī  4109	ʾUmm Fāṭima 4102	1
Ibnat Timurbāy al-Ḥasanī  4109	ʾUmm Muḥammad b. Taghrī Birdī 4098	1
Ibnat Timurbāy al-Ḥasanī  4109	ʾUmm Qāsim b. Taghrī Birdī 4095	1
Ibnat Timurbāy al-Ḥasanī  4109	ʾUmm Yūsuf b. Taghrī Birdī 4100	1
Ibnat Timurbāy al-Ḥasanī  4109	ʾUmm ʾIbrāhīm b. Taghrī Birdi 4097	1
Ibnat Timurbāy al-Ḥasanī  4109	ʾUmm ʾIsmāʿīl b. Taghrī Birdī 4099	1
Ibnat Timurbāy al-Ḥasanī  4109	ʾUmm Ḥamza b. Taghrī Birdī 4096	1
Ibnat Timurbāy al-Ḥasanī  4109	ʿUmar b. al-ʿAdīm al-Ḥalabī 4173	1
Ibnat Timurbāy al-Ḥasanī  4109	Ḥāj Malak bt. Ibn Qarā 2426	1
Ibnat Yalbughā 2557	Yalbughā al-ʿUmarī al-Khāṣṣakī 2253	1
Ibnat ʾAḥmad b. ʾĪnāl 2292	al-Muʾayyad ʾAḥmad b. ʾĪnāl 211	1
Jalāl al-Dīn ʿAbd al-Raḥmān al-Bulqīnī 17	Nāṣir al-Dīn b. al-ʿAdīm 101	1
Jalāl al-Dīn ʿAbd al-Raḥmān al-Bulqīnī 17	ʾĀqbughā al-Timrāzī  25	1
Jalāl al-Dīn ʿAbd al-Raḥmān al-Bulqīnī 17	ʾĪnāl al-Nawrūzī 1031	1
Jarbāsh Kurd al-Muḥammadī 272	ʿAʾisha Shaqrāʾ bint Taghrī Birdī 2751	1
Jarbāsh Qāshiq al-Karīmī 51	Kamāl al-Dīn b. al-Bārizī 99	1
Jarbāsh Qāshiq al-Karīmī 51	Mughul bint al-Bārizī 319	1
Jarbāsh Qāshiq al-Karīmī 51	Nafīsa bt. Muḥammad Bak 562	1
Jarbāsh Qāshiq al-Karīmī 51	Shāh Zādah bint Ibn ʿUthmān 2983	1
Jarbāsh Qāshiq al-Karīmī 51	Sūdūn al-Muḥammadī 3164	1
Jarbāsh Qāshiq al-Karīmī 51	Zaynab bt. Jarbāsh Qāshiq 555	1
Jarbāsh Qāshiq al-Karīmī 51	ʾUzbak min Ṭuṭukh al-Sāqī 876	1
Julbān al-Hindī 260	Shāh Zādah bint Ibn ʿUthmān 2983	1
Julbān al-Hindī 260	bint Yashbak al-ʾAʿraj 3784	1
Jānibak al-Ṣūfī 83	Khadīja Khātūn 675	1
Jānibak al-Ṣūfī 83	al-Ẓāhir Jaqmaq 2	1
Jānibāk al-Ḥamzāwī 291	Timrāz al-Nāṣirī 1003	1
Jānim al-ʾAshrafī  26	ʾukht Jānim al-ʾAshrafī  3684	1
Kamāl al-Dīn b. al-Bārizī 99	Mughul bint al-Bārizī 319	1
Kamāl al-Dīn b. al-Bārizī 99	Nafīsa bt. Muḥammad Bak 562	1
Kamāl al-Dīn b. al-Bārizī 99	Shāh Zādah bint Ibn ʿUthmān 2983	1
Kamāl al-Dīn b. al-Bārizī 99	Sūdūn al-Muḥammadī 3164	1
Kamāl al-Dīn b. al-Bārizī 99	Zaynab bt. Jarbāsh Qāshiq 555	1
Kamāl al-Dīn b. al-Bārizī 99	Zaynab bt. al-Bārizī 4062	1
Kamāl al-Dīn b. al-Bārizī 99	ʾUzbak min Ṭuṭukh al-Sāqī 876	1
Kasbāy al-Khushqadamī 2298	Yūnus al-Mushidd 1489	1
Kasbāy al-Khushqadamī 2298	Yūnus al-ʾĀqbāy  862	1
Kasbāy al-Ẓāhirī 3608	zawjat al-Malik al-Ẓāhir Timurbughā 3613	1
Khadīja Khātūn 675	Muḥammad b. al-Shiḥna  711	1
Khadīja bint ʾĀqṭuwah  3959	Khawand bint ʾĀqbughā al-Dawādār 4053	1
Khadīja bint ʾĀqṭuwah  3959	Shāh Zādah bint Ibn ʿUthmān 2983	1
Khadīja bint ʾĀqṭuwah  3959	Sāra bint ʾĀqbughā al-Timrāzī 1521	1
Khadīja bint ʾĀqṭuwah  3959	al-ʾAshraf ʾĪnāl al-ʾAjrūd 846	1
Khadīja bint ʾĀqṭuwah  3959	ʾĀqṭuwah al-ʾAshrafī 3957	1
Khadīja bt al-Ẓāhir Jaqmaq 2320	al-Manṣūr ʿUthmān b. Jaqmaq 819	1
Khadīja bt al-Ẓāhir Jaqmaq 2320	al-Ẓāhir Jaqmaq 2	1
Khalīl b. Shāhīn al-Shaykhī 664	ʾUkht Khalīl b. Shāhīn al-Shaykhī 4150	1
Khalīl b. al-Nāṣir Faraj 672	Khayrbak al-Bahlawān al-ʾAshrafī 2240	1
Khalīl b. al-Nāṣir Faraj 672	Shaqrāʾ bt. al-Nāṣir Faraj 2487	1
Khalīl b. al-Nāṣir Faraj 672	ʾĀqbughā al-Timrāzī  25	1
Khawand 1116	Khawand Khadīja 631	1
Khawand 1116	Khawand Zaynab 3597	1
Khawand 1116	Manjak 4454	1
Khawand 1116	Quṭlubāy 1074	1
Khawand 1116	Saʿādāt 1365	1
Khawand 1116	ʾAlṭunbughā al-Qurmushī 221	1
Khawand 1116	ʾAḥmad b. Tanam 435	1
Khawand 1116	Ṭūghān al-Ḥasanī 40	1
Khawand Fāṭima 3862	Yūsuf b. Taghrī Birdī 924	1
Khawand Khadīja 631	Khawand Zaynab 3597	1
Khawand Khadīja 631	Manjak 4454	1
Khawand Khadīja 631	Quṭlubāy 1074	1
Khawand Khadīja 631	Saʿādāt 1365	1
Khawand Khadīja 631	ʾAlṭunbughā al-Qurmushī 221	1
Khawand Khadīja 631	ʾAḥmad b. Tanam 435	1
Khawand Khadīja 631	Ṭūghān al-Ḥasanī 40	1
Khawand Qunuqbāy  3892	Sūdūn Buqja 1278	1
Khawand Qunuqbāy  3892	bint Sūdūn Buqja 4296	1
Khawand Zaynab 3597	Manjak 4454	1
Khawand Zaynab 3597	Quṭlubāy 1074	1
Khawand Zaynab 3597	Saʿādāt 1365	1
Khawand Zaynab 3597	ʾAlṭunbughā al-Qurmushī 221	1
Khawand Zaynab 3597	ʾAḥmad b. Tanam 435	1
Khawand Zaynab 3597	Ṭūghān al-Ḥasanī 40	1
Khawand bint ʾĀqbughā al-Dawādār 4053	Shāh Zādah bint Ibn ʿUthmān 2983	1
Khawand bint ʾĀqbughā al-Dawādār 4053	al-ʾAshraf ʾĪnāl al-ʾAjrūd 846	1
Khawand bint ʾĀqbughā al-Dawādār 4053	ʾĀqṭuwah al-ʾAshrafī 3957	1
Khawand bint Ṣuruq 4312	ʾIsfandiyār b. ʾAbī Yazīd 3392	1
Khayrbak al-Bahlawān al-ʾAshrafī 2240	Shaqrāʾ bt. al-Nāṣir Faraj 2487	1
Kuhar Shāh 3993	Qarā Yūsuf b. Qarā Muḥammad 331	1
Manjak 4454	Quṭlubāy 1074	1
Manjak 4454	Saʿādāt 1365	1
Manjak 4454	ʾAlṭunbughā al-Qurmushī 221	1
Manjak 4454	ʾAḥmad b. Tanam 435	1
Manjak 4454	Ṭūghān al-Ḥasanī 40	1
Maḥmūd b. al-Shihāb 3882	al-Ẓāhir Jaqmaq 2	1
Mughul bint al-Bārizī 319	Nafīsa bt. Muḥammad Bak 562	1
Mughul bint al-Bārizī 319	Shāh Zādah bint Ibn ʿUthmān 2983	1
Mughul bint al-Bārizī 319	Sūdūn al-Muḥammadī 3164	1
Mughul bint al-Bārizī 319	Zaynab bt. Jarbāsh Qāshiq 555	1
Mughul bint al-Bārizī 319	ʾUzbak min Ṭuṭukh al-Sāqī 876	1
Muqbil al-Rūmī al-Ẓāhirī 1992	Nawrūz al-Ḥāfiẓī 35	1
Muḥammad Bak b. Dulghādir 556	Nafīsa bt. Muḥammad Bak 562	1
Muḥammad Bak b. Dulghādir 556	Walī al-Dīn Muḥammad al-Safṭī 111	1
Muḥammad Bak b. Dulghādir 556	ʾaṣhār Jānibak al-Ṣūfī 1141	1
Muḥammad b. ʿUmar b. Ḥijjī 545	Nāṣir al-Dīn b. al-ʿAttār 1222	1
Muḥammad b. ʿUmar b. Ḥijjī 545	al-Shihābī b. al-ʿAṭṭār 3378	1
Muḥammad b. ʿUmar b. Ḥijjī 545	al-Ẓāhir Jaqmaq 2	1
Muḥammad b. ʿUmar b. Ḥijjī 545	zawjat Kamāl al-Dīn b. al-Bārizī 1519	1
Nafīsa bt. Muḥammad Bak 562	Shāh Zādah bint Ibn ʿUthmān 2983	1
Nafīsa bt. Muḥammad Bak 562	Sūdūn al-Muḥammadī 3164	1
Nafīsa bt. Muḥammad Bak 562	Zaynab bt. Jarbāsh Qāshiq 555	1
Nafīsa bt. Muḥammad Bak 562	ʾUzbak min Ṭuṭukh al-Sāqī 876	1
Nafīsa bt. Muḥammad Bak 562	ʾaṣhār Jānibak al-Ṣūfī 1141	1
Nāṣir al-Dīn b. al-ʿAdīm 101	ʾĀqbughā al-Timrāzī  25	1
Nāṣir al-Dīn b. al-ʿAdīm 101	ʾĪnāl al-Nawrūzī 1031	1
Nāṣir al-Dīn b. al-ʿAttār 1222	al-Shihābī b. al-ʿAṭṭār 3378	1
Nāṣir al-Dīn b. al-ʿAttār 1222	al-Ẓāhir Jaqmaq 2	1
Nāṣir al-Dīn b. al-ʿAttār 1222	zawjat Kamāl al-Dīn b. al-Bārizī 1519	1
Nūr al-Dīn ʾAbi l-Ḥasan 4402	ʿĪsā al-Maghribī  al-Mulaqqin 4404	1
Qujaq al-ʿĪsāwī 207	al-Muʾayyad Shaykh 12	1
Quṭlubāy 1074	Saʿādāt 1365	1
Quṭlubāy 1074	ʾAlṭunbughā al-Qurmushī 221	1
Quṭlubāy 1074	ʾAḥmad b. Tanam 435	1
Quṭlubāy 1074	Ṭūghān al-Ḥasanī 40	1
Quṭlūbak al-ʿAlāʾī al-ʾUstādār 1809	zawja Saʿd al-Dīn b. Ghurrāb 91	1
Satīta 1589	al-Muʾayyad Shaykh 12	1
Satīta bint al-Nāṣir Faraj 219	al-Nāṣir Faraj b. Barqūq 14	1
Sawinjbughā al-Yūnusī al-Nāṣirī 783	Sūdūn al-Muḥammadī 3164	1
Sayf al-Dīn Yakhshī Bāy 354	al-Malik al-Ṣāliḥ Muḥammad 882	1
Sayf al-Dīn Yakhshī Bāy 354	al-ʾAshraf Barsbāy 24	1
Saʿādāt 1365	Sūdūn al-Faqīh 3582	1
Saʿādāt 1365	ʾAlṭunbughā al-Qurmushī 221	1
Saʿādāt 1365	ʾAḥmad b. Tanam 435	1
Saʿādāt 1365	ʾUmm al-Ṣāliḥ Muḥammad 887	1
Saʿādāt 1365	Ḥasan b. Sūdūn al-Faqīh 3631	1
Saʿādāt 1365	Ṭūghān al-Ḥasanī 40	1
Sharaf al-Dīn al-ʾAnṣārī 1054	al-Ẓāhir Jaqmaq 2	1
Shaykh al-Khāṣṣakī al-Ṣafawī 1774	bint Shaykh al-Ṣafawī 2928	1
Shihāb al- Dīn ʾAḥmad b. Ḥajar 93	ʾAḥmad al-Maqrīzī 2494	1
Shāh Zādah bint Ibn ʿUthmān 2983	Sūdūn al-Muḥammadī 3164	1
Shāh Zādah bint Ibn ʿUthmān 2983	Zaynab bt. Jarbāsh Qāshiq 555	1
Shāh Zādah bint Ibn ʿUthmān 2983	al-ʾAshraf ʾĪnāl al-ʾAjrūd 846	1
Shāh Zādah bint Ibn ʿUthmān 2983	bint Yashbak al-ʾAʿraj 3784	1
Shāh Zādah bint Ibn ʿUthmān 2983	ʾUzbak min Ṭuṭukh al-Sāqī 876	1
Shāh Zādah bint Ibn ʿUthmān 2983	ʾĀqṭuwah al-ʾAshrafī 3957	1
Shīrīn al-Rūmīya 2741	zawjāt al-Ẓāhir Barqūq 3966	1
Shīrīn al-Rūmīya 2741	ʾArdu 3970	1
Shīrīn al-Rūmīya 2741	ʾUkht Muḥammad b. al-Ṭūlūnī 4483	1
Shīrīn al-Rūmīya 2741	ʿAbd al-Raḥmān b. Manklī Bughā 1745	1
Shīrīn al-Rūmīya 2741	Ḥāj Malak bt. Ibn Qarā 2426	1
Sāra bint ʾĀqbughā al-Timrāzī 1521	ʾĀqṭuwah al-ʾAshrafī 3957	1
Sārā bint al-Ẓāhir Barqūq 2752	ʾĪnāl al-Rajabī 222	1
Sūdūn Buqja 1278	bint Sūdūn Buqja 4296	1
Sūdūn al-Faqīh 3582	al-Ẓāhir Ṭaṭar 441	1
Sūdūn al-Faqīh 3582	ʾUmm al-Ṣāliḥ Muḥammad 887	1
Sūdūn al-Faqīh 3582	Ḥasan b. Sūdūn al-Faqīh 3631	1
Sūdūn al-Muḥammadī 3164	Zaynab bt. Jarbāsh Qāshiq 555	1
Sūdūn al-Muḥammadī 3164	ʾUzbak min Ṭuṭukh al-Sāqī 876	1
Taghrī Birdī al-Bashbughāwī  1889	al-Muʿtaḍid bi-llāh  258	1
Taghrī Birdī al-Bashbughāwī  1889	al-Ẓāhir Barqūq 4	1
Taghrī Birdī al-Bashbughāwī  1889	ʾAlṭunbughā al-ʾAshrafī al-Ḥalabī 1747	1
Taghrī Birdī al-Bashbughāwī  1889	Ḥasan b. Muḥibb al-Dīn 70	1
Yashbak al-Jakamī 3222	al-ʾAshraf Barsbāy 24	1
Yashbak min Mahdī al-Ẓāhirī 2291	Yūnus al-ʾĀqbāy  862	1
Yashbak min Mahdī al-Ẓāhirī 2291	al-ʾAshraf Qāytbāy 2290	1
Yūnus al-Mushidd 1489	Yūnus al-ʾĀqbāy  862	1
Yūnus al-ʾĀqbāy  862	Zaynab bt. Ḥasan b. Khāṣṣ Bak 1239	1
Yūnus al-ʾĀqbāy  862	al-ʾAshraf Qāytbāy 2290	1
Yūnus al-ʾĀqbāy  862	zawjat al-ʾAshraf ʾĪnāl 1115	1
Yūsuf b. Taghrī Birdī 924	ʾukht ibn Taghrī Birdī 3436	1
Yūsuf b. Taghrī Birdī 924	ʿAʾisha Shaqrāʾ bint Taghrī Birdī 2751	1
Zaynab bt. Jarbāsh Qāshiq 555	ʾUzbak min Ṭuṭukh al-Sāqī 876	1
Zaynab bt. Ḥasan b. Khāṣṣ Bak 1239	zawjat al-ʾAshraf ʾĪnāl 1115	1
Zuhayr al-Jankīya 4091	‘Umm Muḥammad 4090	1
al-Malik al-Ṣāliḥ Muḥammad 882	al-ʾAshraf Barsbāy 24	1
al-Manṣūr ʿUthmān b. Jaqmaq 819	al-Ẓāhir Jaqmaq 2	1
al-Muʾayyad Shaykh 12	al-Ẓāhir Ṭaṭar 441	1
al-Muʾayyad Shaykh 12	jārīya sulṭān (Shaykh) 936	1
al-Muʾayyad Shaykh 12	ʾUrkmās al-Jāmūs 540	1
al-Muʾayyad Shaykh 12	ʾĪnāl al-Jakamī 126	1
al-Muʾayyad ʾAḥmad b. ʾĪnāl 211	al-ʾAshraf ʾĪnāl al-ʾAjrūd 846	1
al-Muʾayyad ʾAḥmad b. ʾĪnāl 211	al-Ẓāhir Jaqmaq 2	1
al-Muʾayyad ʾAḥmad b. ʾĪnāl 211	al-Ẓāhir Timurbughā 2289	1
al-Muʾayyad ʾAḥmad b. ʾĪnāl 211	ibnat al-ʾAshraf ʾĪnāl 963	1
al-Muʾayyad ʾAḥmad b. ʾĪnāl 211	ʾukht ʾAḥmad b. ʾĪnāl 1241	1
al-Nāṣir Faraj b. Barqūq 14	zawjat ʾIsfandiyār 4077	1
al-Shihābī b. al-ʿAṭṭār 3378	al-Ẓāhir Jaqmaq 2	1
al-Shihābī b. al-ʿAṭṭār 3378	zawjat Kamāl al-Dīn b. al-Bārizī 1519	1
al-ʾAshraf Barsbāy 24	al-Ẓāhir Jaqmaq 2	1
al-ʾAshraf ʾĪnāl al-ʾAjrūd 846	ibnat al-ʾAshraf ʾĪnāl 963	1
al-ʾAshraf ʾĪnāl al-ʾAjrūd 846	ʾukht ʾAḥmad b. ʾĪnāl 1241	1
al-ʾAshraf ʾĪnāl al-ʾAjrūd 846	ʾĀqṭuwah al-ʾAshrafī 3957	1
al-Ẓāhir Barqūq 4	Ḥasan b. Muḥibb al-Dīn 70	1
al-Ẓāhir Jaqmaq 2	zawjat Kamāl al-Dīn b. al-Bārizī 1519	1
al-Ẓāhir Jaqmaq 2	ʾUkht Mughul  4292	1
al-Ẓāhir Khushqadam al-Nāṣirī al-Muʾayyadī 861	ʾAbrak al-Jakamī 2919	1
al-Ẓāhir Ṭaṭar 441	ʾUmm al-Ṣāliḥ Muḥammad 887	1
ibnat Qarā Yūsuf b. Qarā Muḥammad 4688	ibnat al-Ẓāhir Majd al-Dīn ʿīsā 4687	1
zawjat Ḥasan b. Muḥibb al-Dīn 514	Ḥāj Malak bt. Ibn Qarā 2426	1
zawjāt al-Ẓāhir Barqūq 3966	ʾArdu 3970	1
zawjāt al-Ẓāhir Barqūq 3966	ʾUkht Muḥammad b. al-Ṭūlūnī 4483	1
zawjāt al-Ẓāhir Barqūq 3966	ʿAbd al-Raḥmān b. Manklī Bughā 1745	1
zawjāt al-Ẓāhir Barqūq 3966	Ḥāj Malak bt. Ibn Qarā 2426	1
ʾAlṭunbughā al-Qurmushī 221	ʾAḥmad b. Tanam 435	1
ʾAlṭunbughā al-Qurmushī 221	Ṭūghān al-Ḥasanī 40	1
ʾArdu 3970	ʾUkht Muḥammad b. al-Ṭūlūnī 4483	1
ʾArdu 3970	ʿAbd al-Raḥmān b. Manklī Bughā 1745	1
ʾArdu 3970	Ḥāj Malak bt. Ibn Qarā 2426	1
ʾAḥmad b. Tanam 435	Ṭūghān al-Ḥasanī 40	1
ʾAḥmad b. al-ʿAjamī 61	ʾibnat Ibn al-ʿAjamī 1581	1
ʾUkht Muḥammad b. al-Ṭūlūnī 4483	ʿAbd al-Raḥmān b. Manklī Bughā 1745	1
ʾUkht Muḥammad b. al-Ṭūlūnī 4483	Ḥāj Malak bt. Ibn Qarā 2426	1
ʾUmm Bayram 4103	ʾUmm Fāṭima 4102	1
ʾUmm Bayram 4103	ʾUmm Muḥammad b. Taghrī Birdī 4098	1
ʾUmm Bayram 4103	ʾUmm Qāsim b. Taghrī Birdī 4095	1
ʾUmm Bayram 4103	ʾUmm Yūsuf b. Taghrī Birdī 4100	1
ʾUmm Bayram 4103	ʾUmm ʾIbrāhīm b. Taghrī Birdi 4097	1
ʾUmm Bayram 4103	ʾUmm ʾIsmāʿīl b. Taghrī Birdī 4099	1
ʾUmm Bayram 4103	ʾUmm Ḥamza b. Taghrī Birdī 4096	1
ʾUmm Bayram 4103	ʿUmar b. al-ʿAdīm al-Ḥalabī 4173	1
ʾUmm Bayram 4103	Ḥāj Malak bt. Ibn Qarā 2426	1
ʾUmm Fāṭima 4102	ʾUmm Muḥammad b. Taghrī Birdī 4098	1
ʾUmm Fāṭima 4102	ʾUmm Qāsim b. Taghrī Birdī 4095	1
ʾUmm Fāṭima 4102	ʾUmm Yūsuf b. Taghrī Birdī 4100	1
ʾUmm Fāṭima 4102	ʾUmm ʾIbrāhīm b. Taghrī Birdi 4097	1
ʾUmm Fāṭima 4102	ʾUmm ʾIsmāʿīl b. Taghrī Birdī 4099	1
ʾUmm Fāṭima 4102	ʾUmm Ḥamza b. Taghrī Birdī 4096	1
ʾUmm Fāṭima 4102	ʿUmar b. al-ʿAdīm al-Ḥalabī 4173	1
ʾUmm Fāṭima 4102	Ḥāj Malak bt. Ibn Qarā 2426	1
ʾUmm Muḥammad b. Taghrī Birdī 4098	ʾUmm Qāsim b. Taghrī Birdī 4095	1
ʾUmm Muḥammad b. Taghrī Birdī 4098	ʾUmm Yūsuf b. Taghrī Birdī 4100	1
ʾUmm Muḥammad b. Taghrī Birdī 4098	ʾUmm ʾIbrāhīm b. Taghrī Birdi 4097	1
ʾUmm Muḥammad b. Taghrī Birdī 4098	ʾUmm ʾIsmāʿīl b. Taghrī Birdī 4099	1
ʾUmm Muḥammad b. Taghrī Birdī 4098	ʾUmm Ḥamza b. Taghrī Birdī 4096	1
ʾUmm Muḥammad b. Taghrī Birdī 4098	ʿUmar b. al-ʿAdīm al-Ḥalabī 4173	1
ʾUmm Muḥammad b. Taghrī Birdī 4098	Ḥāj Malak bt. Ibn Qarā 2426	1
ʾUmm Qāsim b. Taghrī Birdī 4095	ʾUmm Yūsuf b. Taghrī Birdī 4100	1
ʾUmm Qāsim b. Taghrī Birdī 4095	ʾUmm ʾIbrāhīm b. Taghrī Birdi 4097	1
ʾUmm Qāsim b. Taghrī Birdī 4095	ʾUmm ʾIsmāʿīl b. Taghrī Birdī 4099	1
ʾUmm Qāsim b. Taghrī Birdī 4095	ʾUmm Ḥamza b. Taghrī Birdī 4096	1
ʾUmm Qāsim b. Taghrī Birdī 4095	ʿUmar b. al-ʿAdīm al-Ḥalabī 4173	1
ʾUmm Qāsim b. Taghrī Birdī 4095	Ḥāj Malak bt. Ibn Qarā 2426	1
ʾUmm Yūsuf b. Taghrī Birdī 4100	ʾUmm ʾIbrāhīm b. Taghrī Birdi 4097	1
ʾUmm Yūsuf b. Taghrī Birdī 4100	ʾUmm ʾIsmāʿīl b. Taghrī Birdī 4099	1
ʾUmm Yūsuf b. Taghrī Birdī 4100	ʾUmm Ḥamza b. Taghrī Birdī 4096	1
ʾUmm Yūsuf b. Taghrī Birdī 4100	ʿUmar b. al-ʿAdīm al-Ḥalabī 4173	1
ʾUmm Yūsuf b. Taghrī Birdī 4100	Ḥāj Malak bt. Ibn Qarā 2426	1
ʾUmm al-Ṣāliḥ Muḥammad 887	Ḥasan b. Sūdūn al-Faqīh 3631	1
ʾUmm ʾIbrāhīm b. Taghrī Birdi 4097	ʾUmm ʾIsmāʿīl b. Taghrī Birdī 4099	1
ʾUmm ʾIbrāhīm b. Taghrī Birdi 4097	ʾUmm Ḥamza b. Taghrī Birdī 4096	1
ʾUmm ʾIbrāhīm b. Taghrī Birdi 4097	ʿUmar b. al-ʿAdīm al-Ḥalabī 4173	1
ʾUmm ʾIbrāhīm b. Taghrī Birdi 4097	Ḥāj Malak bt. Ibn Qarā 2426	1
ʾUmm ʾIsmāʿīl b. Taghrī Birdī 4099	ʾUmm Ḥamza b. Taghrī Birdī 4096	1
ʾUmm ʾIsmāʿīl b. Taghrī Birdī 4099	ʿUmar b. al-ʿAdīm al-Ḥalabī 4173	1
ʾUmm ʾIsmāʿīl b. Taghrī Birdī 4099	Ḥāj Malak bt. Ibn Qarā 2426	1
ʾUmm Ḥamza b. Taghrī Birdī 4096	ʿUmar b. al-ʿAdīm al-Ḥalabī 4173	1
ʾUmm Ḥamza b. Taghrī Birdī 4096	Ḥāj Malak bt. Ibn Qarā 2426	1
ʾĀqbughā al-Timrāzī  25	ʾĪnāl al-Nawrūzī 1031	1
ʿAbd al-Raḥmān b. Manklī Bughā 1745	Ḥāj Malak bt. Ibn Qarā 2426	1
ʿUmar b. al-ʿAdīm al-Ḥalabī 4173	Ḥāj Malak bt. Ibn Qarā 2426	1